latitude,longitude,bright_ti4,scan,track,acq_date,acq_time,satellite,confidence,version,bright_ti5,frp,daynight
41.54531,-117.66385,309.33,0.38,0.36,2026-09-12,1000,N,nominal,2.0NRT,283.05,1.3,N
40.93993,-117.85927,298.65,0.39,0.36,2026-09-12,1002,N,nominal,2.0NRT,283.22,0.82,N
40.73587,-122.32499,298.18,0.45,0.39,2026-09-12,1002,N,nominal,2.0NRT,284.45,0.34,N
39.62071,-119.26114,314.91,0.39,0.36,2026-09-12,1002,N,nominal,2.0NRT,288.27,1.05,N
39.49194,-119.62051,298.45,0.39,0.36,2026-09-12,1002,N,nominal,2.0NRT,283.82,0.57,N
39.24805,-122.95863,341.77,0.46,0.39,2026-09-12,1002,N,nominal,2.0NRT,293.14,8.7,N
39.2444,-122.95905,350.14,0.46,0.39,2026-09-12,1002,N,nominal,2.0NRT,296.56,8.7,N
39.24501,-122.96392,314.69,0.46,0.39,2026-09-12,1002,N,nominal,2.0NRT,289.96,3.05,N
39.2438,-122.95417,302.2,0.46,0.39,2026-09-12,1002,N,nominal,2.0NRT,289.33,8.7,N
39.24076,-122.95947,326.48,0.46,0.39,2026-09-12,1002,N,nominal,2.0NRT,290.28,2.41,N
39.24018,-122.95476,322.23,0.46,0.39,2026-09-12,1002,N,nominal,2.0NRT,290.76,2.41,N
39.23957,-122.9498,320.39,0.46,0.39,2026-09-12,1002,N,nominal,2.0NRT,289.64,1.52,N
39.2426,-122.97443,302.62,0.46,0.39,2026-09-12,1002,N,nominal,2.0NRT,288.12,0.94,N
39.24198,-122.96941,305.6,0.46,0.39,2026-09-12,1002,N,nominal,2.0NRT,287.74,1.36,N
39.24136,-122.96433,311.15,0.46,0.39,2026-09-12,1002,N,nominal,2.0NRT,288.23,1.36,N
39.24026,-122.98549,297.61,0.46,0.39,2026-09-12,1002,N,nominal,2.0NRT,285.61,0.59,N
39.23959,-122.98006,299.94,0.46,0.39,2026-09-12,1002,N,nominal,2.0NRT,285.77,0.94,N
39.23654,-122.95519,305.75,0.46,0.39,2026-09-12,1002,N,nominal,2.0NRT,289.46,2.41,N
39.23594,-122.95036,312.85,0.46,0.39,2026-09-12,1002,N,nominal,2.0NRT,289.35,1.52,N
39.2329,-122.95569,300.98,0.46,0.39,2026-09-12,1002,N,nominal,2.0NRT,289.98,1.9,N
39.23231,-122.9509,313.32,0.46,0.39,2026-09-12,1002,N,nominal,2.0NRT,290.42,1.14,N
39.23374,-122.99274,298.3,0.46,0.39,2026-09-12,1002,N,nominal,2.0NRT,287.99,0.77,N
39.23308,-122.98739,301.11,0.46,0.39,2026-09-12,1002,N,nominal,2.0NRT,288.39,0.77,N
39.23241,-122.98186,302.05,0.46,0.39,2026-09-12,1002,N,nominal,2.0NRT,287.42,0.63,N
39.23175,-122.97649,298.53,0.46,0.39,2026-09-12,1002,N,nominal,2.0NRT,286.82,0.63,N
39.2305,-122.96629,300.06,0.46,0.39,2026-09-12,1002,N,nominal,2.0NRT,288.65,1.71,N
39.22867,-122.95139,303.62,0.46,0.39,2026-09-12,1002,N,nominal,2.0NRT,289.55,1.14,N
39.2281,-122.94674,305.85,0.46,0.39,2026-09-12,1002,N,nominal,2.0NRT,288.39,1.14,N
39.22564,-122.95685,326.08,0.46,0.39,2026-09-12,1002,N,nominal,2.0NRT,291.22,2.66,N
39.23084,-122.9994,308.05,0.46,0.39,2026-09-12,1002,N,nominal,2.0NRT,288.3,1.29,N
39.23017,-122.99392,304.08,0.46,0.39,2026-09-12,1002,N,nominal,2.0NRT,288.18,1.21,N
39.22626,-122.96188,304.91,0.46,0.39,2026-09-12,1002,N,nominal,2.0NRT,289.76,2.66,N
39.22446,-122.94722,300.42,0.46,0.39,2026-09-12,1002,N,nominal,2.0NRT,288.41,16.64,N
39.22203,-122.95752,339.39,0.46,0.39,2026-09-12,1002,N,nominal,2.0NRT,292.19,2.66,N
39.22142,-122.95261,354.99,0.46,0.39,2026-09-12,1002,N,nominal,2.0NRT,302.4,16.64,N
39.2266,-122.99508,303.66,0.46,0.39,2026-09-12,1002,N,nominal,2.0NRT,288.63,1.21,N
39.22264,-122.96255,303.46,0.46,0.39,2026-09-12,1002,N,nominal,2.0NRT,289.64,2.66,N
39.21779,-122.95315,342.87,0.46,0.39,2026-09-12,1002,N,nominal,2.0NRT,293.68,4.67,N
39.21841,-122.95824,310.72,0.46,0.39,2026-09-12,1002,N,nominal,2.0NRT,289.65,2.93,N
39.21355,-122.94869,332.21,0.46,0.39,2026-09-12,1002,N,nominal,2.0NRT,291.34,4.67,N
39.21818,-122.98673,298.82,0.46,0.39,2026-09-12,1002,N,nominal,2.0NRT,288,0.45,N
39.21416,-122.95369,312.91,0.46,0.39,2026-09-12,1002,N,nominal,2.0NRT,290.08,4.67,N
39.20994,-122.9494,345.46,0.46,0.39,2026-09-12,1002,N,nominal,2.0NRT,291.54,4.77,N
39.21125,-122.96021,317.91,0.46,0.39,2026-09-12,1002,N,nominal,2.0NRT,290.82,1.78,N
39.21058,-122.95466,315.65,0.46,0.39,2026-09-12,1002,N,nominal,2.0NRT,289.87,4.77,N
39.20636,-122.95039,330.45,0.46,0.39,2026-09-12,1002,N,nominal,2.0NRT,289.23,4.77,N
39.20771,-122.9615,305.93,0.46,0.39,2026-09-12,1002,N,nominal,2.0NRT,288.74,1.78,N
38.00598,-121.93415,304.17,0.42,0.38,2026-09-12,1002,N,nominal,2.0NRT,290.15,0.57,N
38.00252,-121.93478,301.9,0.42,0.38,2026-09-12,1002,N,nominal,2.0NRT,289.42,0.47,N
37.88527,-121.18681,298.94,0.4,0.37,2026-09-12,1002,N,nominal,2.0NRT,288.41,0.29,N
37.75592,-121.65878,302.34,0.41,0.37,2026-09-12,1002,N,nominal,2.0NRT,286.92,0.35,N
36.35604,-114.91177,306.97,0.51,0.41,2026-09-12,1002,N,nominal,2.0NRT,296.22,3.05,N
36.35665,-114.91352,311.84,0.51,0.41,2026-09-12,1002,N,nominal,2.0NRT,296.59,2.72,N
37.45567,-121.93329,312.85,0.41,0.37,2026-09-12,1002,N,nominal,2.0NRT,288.17,1.02,N
37.02542,-120.19576,307.5,0.39,0.36,2026-09-12,1002,N,nominal,2.0NRT,291.05,0.78,N
37.21447,-121.90282,298.06,0.41,0.37,2026-09-12,1002,N,nominal,2.0NRT,287.34,0.17,N
35.34682,-118.75643,301.07,0.39,0.36,2026-09-12,1002,N,nominal,2.0NRT,290.48,0.3,N
34.62126,-117.10091,319.24,0.44,0.38,2026-09-12,1002,N,nominal,2.0NRT,295.62,2.33,N
34.61009,-117.33612,308.97,0.43,0.38,2026-09-12,1002,N,nominal,2.0NRT,294.16,1.29,N
34.60663,-117.337,308.76,0.43,0.38,2026-09-12,1002,N,nominal,2.0NRT,293.63,1.19,N
34.35542,-116.85139,307,0.45,0.39,2026-09-12,1002,N,nominal,2.0NRT,293.96,1.31,N
34.43409,-118.6452,303.18,0.4,0.37,2026-09-12,1002,N,nominal,2.0NRT,292.67,0.67,N
34.43073,-118.64597,310.85,0.4,0.37,2026-09-12,1002,N,nominal,2.0NRT,292.09,0.67,N
34.1418,-117.42529,304.98,0.43,0.38,2026-09-12,1002,N,nominal,2.0NRT,293.61,0.44,N
34.33476,-118.51955,328.76,0.4,0.37,2026-09-12,1002,N,nominal,2.0NRT,292.81,2.16,N
34.24327,-118.38076,307.96,0.41,0.37,2026-09-12,1002,N,nominal,2.0NRT,292.4,0.57,N
34.29192,-118.80215,307.98,0.4,0.37,2026-09-12,1002,N,nominal,2.0NRT,292.18,0.57,N
34.11642,-117.92632,305.82,0.42,0.38,2026-09-12,1002,N,nominal,2.0NRT,294.56,0.7,N
34.15354,-118.19267,319.02,0.41,0.37,2026-09-12,1002,N,nominal,2.0NRT,292.91,1.4,N
34.04221,-117.82138,304.33,0.42,0.38,2026-09-12,1002,N,nominal,2.0NRT,293.21,0.39,N
34.03587,-118.10461,306.8,0.42,0.37,2026-09-12,1002,N,nominal,2.0NRT,293.53,0.57,N
33.79351,-117.47578,313.68,0.44,0.38,2026-09-12,1002,N,nominal,2.0NRT,293.17,1.41,N
33.71683,-117.71043,316.97,0.43,0.38,2026-09-12,1002,N,nominal,2.0NRT,292.81,1.29,N
33.6127,-117.82308,303.93,0.43,0.38,2026-09-12,1002,N,nominal,2.0NRT,291.98,0.75,N
33.49206,-117.6188,307.51,0.44,0.38,2026-09-12,1002,N,nominal,2.0NRT,291.71,1,N
32.85949,-117.14643,304,0.46,0.39,2026-09-12,1004,N,nominal,2.0NRT,290.59,0.21,N
32.59971,-117.01297,304.8,0.47,0.4,2026-09-12,1004,N,nominal,2.0NRT,292.21,0.79,N
32.59937,-117.00948,305.39,0.47,0.4,2026-09-12,1004,N,nominal,2.0NRT,292.54,0.68,N
32.59218,-115.13397,342.73,0.43,0.46,2026-09-12,2123,N,nominal,2.0NRT,305.48,25.39,D
32.59642,-115.13456,343.69,0.43,0.46,2026-09-12,2123,N,nominal,2.0NRT,307.02,25.39,D
34.33535,-118.52015,333.69,0.46,0.39,2026-09-12,2123,N,low,2.0NRT,307.88,2.69,D
34.86654,-114.61382,343.32,0.49,0.48,2026-09-12,2123,N,nominal,2.0NRT,304.4,9.45,D
38.51899,-121.48494,333.87,0.41,0.37,2026-09-12,2125,N,low,2.0NRT,308.14,0.96,D
39.35985,-121.6322,343.3,0.41,0.37,2026-09-12,2125,N,nominal,2.0NRT,312.13,7.05,D
39.34991,-121.73192,345.51,0.41,0.37,2026-09-12,2125,N,nominal,2.0NRT,308.26,7.94,D
39.20601,-122.94899,332,0.39,0.36,2026-09-12,2125,N,nominal,2.0NRT,300.75,4.45,D
39.20537,-122.95341,331.62,0.39,0.36,2026-09-12,2125,N,nominal,2.0NRT,298.94,2.69,D
39.20473,-122.95779,334.81,0.39,0.36,2026-09-12,2125,N,nominal,2.0NRT,292.6,2.69,D
39.20997,-122.94532,367,0.39,0.36,2026-09-12,2125,N,high,2.0NRT,328.31,94.68,D
39.21064,-122.94078,339.38,0.39,0.36,2026-09-12,2125,N,nominal,2.0NRT,295.74,12.95,D
39.2093,-122.94983,356.38,0.39,0.36,2026-09-12,2125,N,nominal,2.0NRT,311.94,94.68,D
39.20865,-122.95428,352.15,0.39,0.36,2026-09-12,2125,N,nominal,2.0NRT,308.03,19.6,D
39.20802,-122.95866,354.69,0.39,0.36,2026-09-12,2125,N,nominal,2.0NRT,314.55,19.6,D
39.20737,-122.96307,346.78,0.39,0.36,2026-09-12,2125,N,nominal,2.0NRT,293.86,4.53,D
39.21327,-122.94612,367,0.39,0.36,2026-09-12,2125,N,high,2.0NRT,333.39,94.68,D
39.21395,-122.94156,343.77,0.39,0.36,2026-09-12,2125,N,nominal,2.0NRT,292.35,12.95,D
39.21194,-122.95514,355,0.39,0.36,2026-09-12,2125,N,nominal,2.0NRT,297.74,19.6,D
39.21131,-122.95954,355.63,0.39,0.36,2026-09-12,2125,N,nominal,2.0NRT,292.44,19.6,D
39.21066,-122.96392,335.61,0.39,0.36,2026-09-12,2125,N,nominal,2.0NRT,289.03,4.53,D
39.21726,-122.94231,339.92,0.39,0.36,2026-09-12,2125,N,nominal,2.0NRT,291.76,3.33,D
39.21659,-122.94688,351.59,0.39,0.36,2026-09-12,2125,N,nominal,2.0NRT,305.56,39.76,D
39.21591,-122.95145,340.18,0.39,0.36,2026-09-12,2125,N,nominal,2.0NRT,310.99,39.76,D
39.21524,-122.95597,344.48,0.39,0.36,2026-09-12,2125,N,nominal,2.0NRT,296.98,2.78,D
39.2146,-122.9604,338.53,0.39,0.36,2026-09-12,2125,N,nominal,2.0NRT,294.88,2.78,D
39.22057,-122.94309,335.49,0.39,0.36,2026-09-12,2125,N,nominal,2.0NRT,292.44,3.33,D
39.21989,-122.94765,349.71,0.39,0.36,2026-09-12,2125,N,nominal,2.0NRT,311.49,39.76,D
39.21922,-122.95222,339.07,0.39,0.36,2026-09-12,2125,N,nominal,2.0NRT,305.6,39.76,D
39.21855,-122.95675,333.17,0.39,0.36,2026-09-12,2125,N,nominal,2.0NRT,297.63,2.78,D
39.22321,-122.94842,341.37,0.39,0.36,2026-09-12,2125,N,nominal,2.0NRT,304.58,91.2,D
39.22185,-122.95757,334,0.39,0.36,2026-09-12,2125,N,nominal,2.0NRT,297.05,4.74,D
39.24142,-122.95555,351.39,0.39,0.36,2026-09-12,2125,N,nominal,2.0NRT,295.39,46.16,D
39.24472,-122.95633,349.76,0.39,0.36,2026-09-12,2125,N,nominal,2.0NRT,304.79,46.16,D
39.24869,-122.95255,345.52,0.39,0.36,2026-09-12,2125,N,nominal,2.0NRT,301.57,13.32,D
39.24804,-122.95709,343.68,0.39,0.36,2026-09-12,2125,N,nominal,2.0NRT,297.52,13.32,D
41.54182,-117.66256,298.29,0.47,0.39,2026-09-13,0941,N,nominal,2.0NRT,277.44,1.21,N
40.82296,-114.25464,315.66,0.39,0.36,2026-09-13,0941,N,nominal,2.0NRT,292.41,1.15,N
40.81966,-114.25547,300.68,0.39,0.36,2026-09-13,0941,N,nominal,2.0NRT,290.29,1.15,N
39.23785,-114.13284,298.84,0.38,0.36,2026-09-13,0941,N,nominal,2.0NRT,285.87,0.51,N
39.61945,-119.26514,300.22,0.52,0.41,2026-09-13,0941,N,nominal,2.0NRT,276.02,0.49,N
39.49092,-119.62064,296.29,0.53,0.42,2026-09-13,0941,N,nominal,2.0NRT,284.66,0.28,N
39.24586,-122.96597,321.72,0.52,0.5,2026-09-13,0941,N,nominal,2.0NRT,283.99,3.16,N
39.24508,-122.95602,333.15,0.52,0.5,2026-09-13,0941,N,nominal,2.0NRT,285.9,6.23,N
39.24466,-122.95085,367,0.52,0.5,2026-09-13,0941,N,high,2.0NRT,291.58,18.43,N
39.24545,-122.96085,304.03,0.52,0.5,2026-09-13,0941,N,nominal,2.0NRT,283.44,6.23,N
39.24003,-122.95115,340.69,0.52,0.5,2026-09-13,0941,N,nominal,2.0NRT,286.82,6.24,N
39.24042,-122.95604,313.4,0.52,0.5,2026-09-13,0941,N,nominal,2.0NRT,283.74,7.59,N
39.23539,-122.95132,299.51,0.52,0.5,2026-09-13,0941,N,nominal,2.0NRT,284.18,6.24,N
39.23075,-122.95139,296.54,0.52,0.5,2026-09-13,0941,N,nominal,2.0NRT,283.31,1.12,N
39.22575,-122.94697,297.38,0.51,0.5,2026-09-13,0941,N,nominal,2.0NRT,283.57,1.12,N
39.24595,-122.95068,367,0.51,0.5,2026-09-13,0941,N,high,2.0NRT,289.48,11.2,N
39.24725,-122.96604,317.34,0.52,0.5,2026-09-13,0941,N,nominal,2.0NRT,284.32,1.33,N
39.24681,-122.96085,304.91,0.52,0.5,2026-09-13,0941,N,nominal,2.0NRT,284.03,1.33,N
39.2464,-122.95599,317.62,0.52,0.5,2026-09-13,0941,N,nominal,2.0NRT,284.73,11.2,N
39.24174,-122.95599,325.92,0.52,0.5,2026-09-13,0941,N,nominal,2.0NRT,284.71,11.2,N
39.24132,-122.951,344.62,0.51,0.5,2026-09-13,0941,N,nominal,2.0NRT,290.14,11.2,N
39.24256,-122.96571,297,0.52,0.5,2026-09-13,0941,N,nominal,2.0NRT,280.97,1.33,N
39.24214,-122.96067,295.21,0.52,0.5,2026-09-13,0941,N,nominal,2.0NRT,282.51,1.33,N
39.23668,-122.95125,300.6,0.51,0.5,2026-09-13,0941,N,nominal,2.0NRT,283.79,0.98,N
39.23204,-122.95132,298.1,0.51,0.5,2026-09-13,0941,N,nominal,2.0NRT,283.51,0.98,N
39.22277,-122.95186,327.46,0.51,0.5,2026-09-13,0941,N,nominal,2.0NRT,285.86,4.13,N
39.22238,-122.94712,349.09,0.51,0.5,2026-09-13,0941,N,nominal,2.0NRT,288.02,11.78,N
39.22318,-122.95678,295.52,0.52,0.5,2026-09-13,0941,N,nominal,2.0NRT,282.6,4.13,N
39.21773,-122.94712,327.67,0.51,0.5,2026-09-13,0941,N,nominal,2.0NRT,284.67,2.23,N
39.21814,-122.95206,314.07,0.51,0.5,2026-09-13,0941,N,nominal,2.0NRT,284.1,2.43,N
39.2135,-122.95219,308.62,0.51,0.5,2026-09-13,0941,N,nominal,2.0NRT,282.63,2.43,N
39.21307,-122.94702,303.25,0.51,0.5,2026-09-13,0941,N,nominal,2.0NRT,282.74,2.23,N
39.2095,-122.96014,303.98,0.52,0.5,2026-09-13,0941,N,nominal,2.0NRT,283.49,4.69,N
39.20895,-122.95346,302.14,0.51,0.5,2026-09-13,0941,N,nominal,2.0NRT,283.09,4.69,N
39.20502,-122.96231,345.76,0.52,0.5,2026-09-13,0941,N,nominal,2.0NRT,288,4.69,N
39.20446,-122.95545,335.58,0.51,0.5,2026-09-13,0941,N,nominal,2.0NRT,284.54,4.69,N
38.31373,-121.83321,295.4,0.44,0.46,2026-09-13,0943,N,nominal,2.0NRT,285.25,0.23,N
38.0042,-121.93488,298.79,0.44,0.46,2026-09-13,0943,N,nominal,2.0NRT,284.98,0.53,N
37.88389,-121.18537,298.03,0.4,0.44,2026-09-13,0943,N,nominal,2.0NRT,287.4,0.4,N
37.76461,-121.65175,329.62,0.42,0.46,2026-09-13,0943,N,nominal,2.0NRT,292.48,2.5,N
37.76506,-121.65642,315.22,0.42,0.46,2026-09-13,0943,N,nominal,2.0NRT,288.01,2.5,N
37.76085,-121.65694,322.84,0.42,0.46,2026-09-13,0943,N,nominal,2.0NRT,286.75,2.5,N
37.76039,-121.65218,312.06,0.42,0.46,2026-09-13,0943,N,nominal,2.0NRT,285.83,2.5,N
37.45436,-121.93206,304.75,0.44,0.46,2026-09-13,0943,N,nominal,2.0NRT,286.8,1.06,N
36.35637,-114.91304,315.26,0.38,0.36,2026-09-13,0943,N,nominal,2.0NRT,297.52,1.43,N
36.97163,-120.86974,298.26,0.57,0.43,2026-09-13,0943,N,nominal,2.0NRT,287.78,0.69,N
35.91065,-121.40498,299.35,0.39,0.44,2026-09-13,0943,N,nominal,2.0NRT,289.04,0.54,N
34.86691,-114.61649,321.63,0.39,0.36,2026-09-13,0943,N,nominal,2.0NRT,297.26,1.41,N
34.62211,-117.10253,311.68,0.4,0.37,2026-09-13,0943,N,nominal,2.0NRT,293.12,1.18,N
34.62149,-117.0982,307.18,0.4,0.37,2026-09-13,0943,N,nominal,2.0NRT,293.03,0.78,N
34.60616,-117.33614,306.2,0.4,0.37,2026-09-13,0943,N,nominal,2.0NRT,293.04,1.16,N
34.5671,-118.15091,302.36,0.42,0.38,2026-09-13,0943,N,nominal,2.0NRT,289.24,0.2,N
34.35535,-116.85281,305.3,0.39,0.36,2026-09-13,0943,N,nominal,2.0NRT,293.3,0.74,N
34.35296,-116.85155,308.37,0.39,0.36,2026-09-13,0943,N,nominal,2.0NRT,292.24,0.96,N
34.43193,-118.64425,303.5,0.43,0.38,2026-09-13,0943,N,nominal,2.0NRT,291.11,1.12,N
34.33598,-118.52061,321.59,0.43,0.38,2026-09-13,0943,N,nominal,2.0NRT,291.23,1.92,N
34.14155,-117.42693,309.47,0.4,0.37,2026-09-13,0943,N,nominal,2.0NRT,292.3,0.61,N
34.29133,-118.80248,303.49,0.44,0.38,2026-09-13,0943,N,nominal,2.0NRT,289.85,0.56,N
33.95657,-117.12302,300.77,0.39,0.36,2026-09-13,0943,N,nominal,2.0NRT,290.13,0.39,N
33.87658,-117.00069,301.91,0.39,0.36,2026-09-13,0943,N,nominal,2.0NRT,290,0.39,N
33.79514,-117.47443,314.06,0.4,0.37,2026-09-13,0943,N,nominal,2.0NRT,292.6,1.78,N
33.90613,-118.4043,310.89,0.42,0.38,2026-09-13,0943,N,nominal,2.0NRT,295.68,1.46,N
32.71291,-114.75946,313.64,0.39,0.37,2026-09-13,0943,N,nominal,2.0NRT,295.74,1.94,N
39.24776,-122.95377,312.04,0.61,0.71,2026-09-13,1121,N,nominal,2.0NRT,282.64,4.11,N
39.2433,-122.96235,324.47,0.61,0.71,2026-09-13,1121,N,nominal,2.0NRT,281.16,4.11,N
39.23945,-122.95032,309.11,0.61,0.71,2026-09-13,1121,N,nominal,2.0NRT,281.68,4.78,N
39.22637,-122.95445,301.06,0.61,0.71,2026-09-13,1121,N,nominal,2.0NRT,281.06,1.29,N
39.21762,-122.94966,306.84,0.61,0.71,2026-09-13,1121,N,nominal,2.0NRT,281.21,1.89,N
39.24337,-122.95683,343.55,0.61,0.71,2026-09-13,1121,N,nominal,2.0NRT,282.97,8.1,N
39.22159,-122.95616,308.19,0.61,0.71,2026-09-13,1121,N,nominal,2.0NRT,281.55,1.55,N
39.21811,-122.94507,304.7,0.61,0.71,2026-09-13,1121,N,nominal,2.0NRT,281.77,1.55,N
39.20828,-122.95954,327.96,0.61,0.71,2026-09-13,1121,N,nominal,2.0NRT,283.98,3.13,N
39.2103,-122.96593,300.05,0.61,0.71,2026-09-13,1121,N,nominal,2.0NRT,281.45,4.99,N
39.20627,-122.95317,318.7,0.61,0.71,2026-09-13,1121,N,nominal,2.0NRT,282.53,3.13,N
39.20112,-122.95965,307.88,0.61,0.71,2026-09-13,1121,N,nominal,2.0NRT,281.64,3.13,N
37.76532,-121.65379,319.82,0.78,0.78,2026-09-13,1123,N,nominal,2.0NRT,286.33,4.85,N
37.76163,-121.6523,329.81,0.78,0.78,2026-09-13,1123,N,nominal,2.0NRT,287.13,5.89,N
34.33443,-118.51749,336.25,0.39,0.36,2026-09-13,2104,N,low,2.0NRT,308.97,2.87,D
36.05406,-119.06394,338.36,0.39,0.36,2026-09-13,2104,N,nominal,2.0NRT,311.68,2.19,D
36.05736,-119.06474,338.32,0.39,0.36,2026-09-13,2104,N,nominal,2.0NRT,309.99,2.19,D
37.84553,-121.09909,335.7,0.41,0.37,2026-09-13,2104,N,low,2.0NRT,307.52,3.18,D
38.75506,-121.42255,347.57,0.41,0.37,2026-09-13,2104,N,nominal,2.0NRT,309.68,3.9,D
38.76092,-121.40945,345,0.41,0.37,2026-09-13,2104,N,nominal,2.0NRT,309.27,6.14,D
38.76009,-121.41414,338.95,0.41,0.37,2026-09-13,2104,N,low,2.0NRT,309.07,6.14,D
38.75844,-121.42352,356.68,0.41,0.37,2026-09-13,2104,N,low,2.0NRT,309.57,5.48,D
38.76182,-121.42449,346.86,0.41,0.37,2026-09-13,2104,N,nominal,2.0NRT,307.26,5.48,D
38.76347,-121.41512,356.65,0.41,0.37,2026-09-13,2104,N,low,2.0NRT,310.2,6.14,D
38.76265,-121.41981,356.61,0.41,0.37,2026-09-13,2104,N,low,2.0NRT,309.84,5.48,D
38.76768,-121.41141,335.65,0.41,0.37,2026-09-13,2104,N,low,2.0NRT,307.87,11.63,D
38.76603,-121.42078,356.44,0.41,0.37,2026-09-13,2104,N,nominal,2.0NRT,311.12,14.28,D
38.76685,-121.41609,356.99,0.41,0.37,2026-09-13,2104,N,low,2.0NRT,311.42,11.63,D
38.76941,-121.42175,355.21,0.41,0.37,2026-09-13,2104,N,nominal,2.0NRT,309.58,14.28,D
38.77023,-121.41706,358.14,0.41,0.37,2026-09-13,2104,N,low,2.0NRT,309.32,11.63,D
38.77361,-121.41803,357.16,0.41,0.37,2026-09-13,2104,N,low,2.0NRT,310.45,30.85,D
38.78713,-121.42191,348.13,0.41,0.37,2026-09-13,2104,N,nominal,2.0NRT,310.97,4.14,D
38.78548,-121.4313,340.99,0.41,0.37,2026-09-13,2104,N,nominal,2.0NRT,307.71,3.34,D
38.79133,-121.41818,336.28,0.41,0.37,2026-09-13,2104,N,low,2.0NRT,307.92,4.14,D
38.78968,-121.42757,350.15,0.41,0.37,2026-09-13,2104,N,nominal,2.0NRT,310,3.34,D
38.78886,-121.43225,335.79,0.41,0.37,2026-09-13,2104,N,low,2.0NRT,308.08,3.34,D
38.7905,-121.42288,356.79,0.41,0.37,2026-09-13,2104,N,low,2.0NRT,310.17,4.14,D
38.7947,-121.41915,347.15,0.41,0.37,2026-09-13,2104,N,nominal,2.0NRT,309.36,6.69,D
38.79389,-121.42385,356.98,0.41,0.37,2026-09-13,2104,N,low,2.0NRT,310.66,6.69,D
38.79306,-121.42854,356.99,0.41,0.37,2026-09-13,2104,N,low,2.0NRT,310.7,7.64,D
38.79808,-121.42012,353.06,0.41,0.37,2026-09-13,2104,N,nominal,2.0NRT,309.82,6.69,D
38.79726,-121.42482,356.71,0.41,0.37,2026-09-13,2104,N,low,2.0NRT,310.83,6.69,D
38.79644,-121.4295,356.74,0.41,0.37,2026-09-13,2104,N,low,2.0NRT,310.8,7.64,D
38.80146,-121.4211,354.38,0.41,0.37,2026-09-13,2104,N,nominal,2.0NRT,310.05,6.39,D
38.79982,-121.43048,350.39,0.41,0.37,2026-09-13,2104,N,nominal,2.0NRT,310.3,7.1,D
38.80064,-121.42579,357.68,0.41,0.37,2026-09-13,2104,N,low,2.0NRT,310.55,6.39,D
39.35648,-121.63352,332.9,0.41,0.37,2026-09-13,2104,N,low,2.0NRT,303.51,5.39,D
39.35986,-121.63451,336.25,0.41,0.37,2026-09-13,2104,N,low,2.0NRT,310.3,5.39,D
39.34729,-121.72547,333.4,0.41,0.37,2026-09-13,2104,N,nominal,2.0NRT,304.87,4.84,D
39.35067,-121.72647,333.93,0.41,0.37,2026-09-13,2104,N,nominal,2.0NRT,303.14,4.84,D
39.20562,-122.95341,349.72,0.45,0.39,2026-09-13,2104,N,nominal,2.0NRT,309.13,9.65,D
39.20455,-122.95899,350.89,0.45,0.39,2026-09-13,2104,N,nominal,2.0NRT,309.86,9.13,D
39.21899,-122.94182,333.6,0.45,0.39,2026-09-13,2104,N,nominal,2.0NRT,304.86,27.28,D
39.21809,-122.94656,340.71,0.45,0.39,2026-09-13,2104,N,nominal,2.0NRT,305.08,27.28,D
39.2216,-122.94771,348.72,0.45,0.39,2026-09-13,2104,N,nominal,2.0NRT,315.63,27.28,D
39.22511,-122.9488,342.12,0.45,0.39,2026-09-13,2104,N,nominal,2.0NRT,308.54,6.23,D
39.24359,-122.94949,348.21,0.45,0.39,2026-09-13,2104,N,nominal,2.0NRT,308.33,10.36,D
39.24268,-122.95431,337.02,0.45,0.39,2026-09-13,2104,N,nominal,2.0NRT,303.87,10.36,D
40.82342,-114.25742,305.19,0.52,0.41,2026-09-14,0924,N,nominal,2.0NRT,283.35,1.25,N
38.54152,-121.51829,301.52,0.38,0.59,2026-09-14,0924,N,nominal,2.0NRT,284.02,0.41,N
39.22283,-122.94833,305.84,0.46,0.64,2026-09-14,0924,N,nominal,2.0NRT,284.28,2.75,N
39.22267,-122.94428,308.11,0.46,0.64,2026-09-14,0924,N,nominal,2.0NRT,283.28,1.16,N
39.2201,-122.95263,297.15,0.46,0.64,2026-09-14,0924,N,nominal,2.0NRT,284.32,1.29,N
39.21992,-122.94869,301.89,0.46,0.64,2026-09-14,0924,N,nominal,2.0NRT,283.37,1.51,N
39.21975,-122.94461,312.34,0.46,0.64,2026-09-14,0924,N,nominal,2.0NRT,283.99,1.51,N
36.97033,-120.87228,298.5,0.34,0.56,2026-09-14,0924,N,nominal,2.0NRT,287.91,0.38,N
36.35726,-114.91035,311.47,0.49,0.41,2026-09-14,0924,N,nominal,2.0NRT,296.56,1.84,N
36.69337,-120.58292,298.34,0.33,0.55,2026-09-14,0924,N,nominal,2.0NRT,287.13,0.27,N
36.71303,-121.76841,297.03,0.38,0.59,2026-09-14,0924,N,nominal,2.0NRT,284.93,0.48,N
36.20637,-115.99772,331.89,0.55,0.43,2026-09-14,0924,N,nominal,2.0NRT,296.51,14.79,N
34.62362,-117.10107,304.25,0.4,0.44,2026-09-14,0926,N,nominal,2.0NRT,291.13,0.93,N
34.60643,-117.33802,318.28,0.41,0.45,2026-09-14,0926,N,nominal,2.0NRT,291.44,2.35,N
34.43168,-118.64708,302.85,0.48,0.48,2026-09-14,0926,N,nominal,2.0NRT,289.04,1.02,N
34.3362,-118.52036,310.66,0.47,0.48,2026-09-14,0926,N,nominal,2.0NRT,289.75,1.39,N
34.14115,-117.42871,305.91,0.41,0.45,2026-09-14,0926,N,nominal,2.0NRT,291.35,0.44,N
33.95613,-117.12341,300.25,0.39,0.44,2026-09-14,0926,N,nominal,2.0NRT,289.46,0.56,N
34.03495,-118.10695,301.79,0.45,0.47,2026-09-14,0926,N,nominal,2.0NRT,291.56,0.5,N
33.87686,-117.00006,299.76,0.39,0.44,2026-09-14,0926,N,nominal,2.0NRT,289.01,0.27,N
33.79252,-117.47681,309.34,0.41,0.45,2026-09-14,0926,N,nominal,2.0NRT,290.57,1.42,N
33.82096,-118.24414,305.68,0.45,0.47,2026-09-14,0926,N,nominal,2.0NRT,294.83,2.22,N
39.22219,-122.94859,308.41,0.36,0.57,2026-09-14,1104,N,nominal,2.0NRT,283.55,0.71,N
39.22079,-122.94334,296.72,0.36,0.57,2026-09-14,1104,N,nominal,2.0NRT,282.25,0.71,N
37.95096,-122.39861,301.7,0.41,0.61,2026-09-14,1104,N,nominal,2.0NRT,289.82,1.4,N
37.43861,-120.80274,297.75,0.51,0.66,2026-09-14,1104,N,nominal,2.0NRT,283.47,0.42,N
35.96026,-121.37268,344.95,0.48,0.48,2026-09-14,2046,N,nominal,2.0NRT,312.78,23.76,D
35.95893,-121.37856,342.02,0.48,0.48,2026-09-14,2046,N,nominal,2.0NRT,308.36,10.2,D
37.49165,-121.08789,343.98,0.43,0.46,2026-09-14,2046,N,nominal,2.0NRT,310.19,8.15,D
37.49577,-121.08931,335.82,0.43,0.46,2026-09-14,2046,N,nominal,2.0NRT,309.95,3.61,D
39.35965,-121.63222,349.35,0.42,0.45,2026-09-14,2046,N,nominal,2.0NRT,316.77,11.57,D
41.78254,-121.77842,346.76,0.57,0.43,2026-09-14,2046,N,nominal,2.0NRT,308.19,15,D
41.78106,-121.78544,340.74,0.57,0.43,2026-09-14,2046,N,nominal,2.0NRT,306.55,11.2,D
41.77959,-121.79231,335.27,0.57,0.43,2026-09-14,2046,N,nominal,2.0NRT,304.14,11.2,D
41.78644,-121.77976,340.92,0.57,0.43,2026-09-14,2046,N,nominal,2.0NRT,307.72,15,D
41.78347,-121.79373,347.07,0.57,0.43,2026-09-14,2046,N,nominal,2.0NRT,307.67,11.2,D
41.79034,-121.78113,354.1,0.57,0.43,2026-09-14,2046,N,nominal,2.0NRT,310.79,15.17,D
41.78883,-121.78822,335.83,0.57,0.43,2026-09-14,2046,N,low,2.0NRT,307.33,8.31,D
41.78736,-121.79516,348.05,0.57,0.43,2026-09-14,2046,N,nominal,2.0NRT,306.33,8.31,D
41.78065,-121.77883,331,0.57,0.43,2026-09-14,2046,N,low,2.0NRT,305.54,5.19,D
41.77913,-121.7858,340.84,0.57,0.43,2026-09-14,2046,N,nominal,2.0NRT,304.43,5.19,D
41.78455,-121.78016,342.8,0.57,0.43,2026-09-14,2046,N,nominal,2.0NRT,309.43,14.41,D
41.78302,-121.78718,336.13,0.57,0.43,2026-09-14,2046,N,low,2.0NRT,306.16,14.41,D
41.78152,-121.79404,342.62,0.57,0.43,2026-09-14,2046,N,nominal,2.0NRT,306.32,13.25,D
41.78999,-121.77444,330.91,0.57,0.43,2026-09-14,2046,N,low,2.0NRT,303.25,11.8,D
41.78844,-121.78152,346.23,0.57,0.43,2026-09-14,2046,N,nominal,2.0NRT,308.78,14.41,D
41.7854,-121.79547,346.63,0.57,0.43,2026-09-14,2046,N,nominal,2.0NRT,305.24,13.25,D
41.79234,-121.78289,340.68,0.57,0.43,2026-09-14,2046,N,nominal,2.0NRT,304.83,5.32,D
41.79079,-121.78996,335.24,0.57,0.43,2026-09-14,2046,N,low,2.0NRT,305.54,5.32,D
39.51458,-121.78719,367,0.79,0.78,2026-09-14,2225,N,high,2.0NRT,322.81,73.09,D
39.51456,-121.79682,338.55,0.79,0.78,2026-09-14,2225,N,nominal,2.0NRT,300.14,73.09,D
39.52194,-121.78713,335.91,0.79,0.78,2026-09-14,2225,N,nominal,2.0NRT,302.96,73.09,D
39.51369,-121.78262,357.14,0.79,0.78,2026-09-14,2225,N,low,2.0NRT,300.4,61.78,D
39.51373,-121.79226,314.97,0.79,0.78,2026-09-14,2225,N,low,2.0NRT,319.25,71.42,D
39.52105,-121.7826,337.49,0.79,0.78,2026-09-14,2225,N,nominal,2.0NRT,299.59,61.78,D
39.52108,-121.79229,356.44,0.79,0.78,2026-09-14,2225,N,low,2.0NRT,301.29,71.42,D
34.82121,-118.75156,298.28,0.46,0.64,2026-09-15,0905,N,nominal,2.0NRT,286.19,0.53,N
34.62229,-117.09965,301.43,0.37,0.58,2026-09-15,0905,N,nominal,2.0NRT,291.3,0.71,N
34.61068,-117.33739,310.19,0.38,0.59,2026-09-15,0905,N,nominal,2.0NRT,290.79,1.04,N
34.60522,-117.33823,306.83,0.38,0.59,2026-09-15,0905,N,nominal,2.0NRT,289.94,1.04,N
34.33389,-118.52103,304.65,0.44,0.62,2026-09-15,0905,N,nominal,2.0NRT,288.77,0.89,N
34.14195,-117.42879,299.37,0.38,0.59,2026-09-15,0905,N,nominal,2.0NRT,289.22,0.22,N
33.85161,-118.33296,304.01,0.43,0.62,2026-09-15,0905,N,nominal,2.0NRT,292.21,2.37,N
41.78884,-121.78831,303.92,0.74,0.76,2026-09-15,0905,N,nominal,2.0NRT,277.96,3.39,N
41.78168,-121.78938,304.3,0.74,0.76,2026-09-15,0905,N,nominal,2.0NRT,275.97,2.48,N
41.78169,-121.7789,295.43,0.74,0.76,2026-09-15,0905,N,nominal,2.0NRT,278.3,2.48,N
41.78614,-121.7897,306.91,0.74,0.76,2026-09-15,0905,N,nominal,2.0NRT,277.46,4.57,N
41.78611,-121.7789,296.15,0.74,0.76,2026-09-15,0905,N,nominal,2.0NRT,278.2,3.51,N
41.77896,-121.78044,299.65,0.74,0.76,2026-09-15,0905,N,nominal,2.0NRT,277.35,3.16,N
40.82118,-114.25513,305.02,0.59,0.53,2026-09-15,0905,N,nominal,2.0NRT,280.06,1.84,N
32.52591,-116.77781,322.52,0.34,0.56,2026-09-15,0905,N,nominal,2.0NRT,288.69,1.75,N
32.52538,-116.77625,325.16,0.34,0.56,2026-09-15,0905,N,nominal,2.0NRT,288.71,2.01,N
32.50924,-116.77081,317.25,0.34,0.56,2026-09-15,0905,N,nominal,2.0NRT,288.66,1.17,N
32.50034,-116.7906,298.95,0.34,0.56,2026-09-15,0905,N,nominal,2.0NRT,288.77,0.26,N
36.35979,-114.91207,309.63,0.58,0.52,2026-09-15,0907,N,nominal,2.0NRT,293.77,1.75,N
41.79033,-121.78465,297.76,0.41,0.45,2026-09-15,1043,N,nominal,2.0NRT,277.7,1.27,N
41.78929,-121.78003,303.06,0.41,0.45,2026-09-15,1043,N,nominal,2.0NRT,277.59,1.2,N
41.78734,-121.79072,295.07,0.41,0.45,2026-09-15,1043,N,nominal,2.0NRT,276.93,1.2,N
41.78629,-121.78603,303.89,0.41,0.45,2026-09-15,1043,N,nominal,2.0NRT,278.46,1.2,N
41.78524,-121.78137,298.62,0.41,0.45,2026-09-15,1043,N,nominal,2.0NRT,278.28,1.68,N
41.78224,-121.78742,304.16,0.41,0.45,2026-09-15,1043,N,nominal,2.0NRT,277.15,1.2,N
41.78117,-121.78272,305.75,0.41,0.45,2026-09-15,1043,N,nominal,2.0NRT,278.05,1.68,N
41.77499,-121.77467,302.05,0.41,0.45,2026-09-15,1043,N,nominal,2.0NRT,276.42,1.27,N
39.22158,-122.94895,295.46,0.41,0.45,2026-09-15,1045,N,nominal,2.0NRT,284.92,0.58,N
37.03973,-120.13256,303.8,0.32,0.55,2026-09-15,1045,N,nominal,2.0NRT,284.16,0.61,N
37.45526,-121.93194,299.71,0.51,0.49,2026-09-15,1045,N,nominal,2.0NRT,285.04,0.88,N
34.6208,-117.10104,308.08,0.54,0.68,2026-09-15,1045,N,nominal,2.0NRT,290.7,2.21,N
34.60835,-117.33854,303.14,0.52,0.67,2026-09-15,1045,N,nominal,2.0NRT,289.63,1.8,N
34.60688,-117.3334,304.72,0.52,0.67,2026-09-15,1045,N,nominal,2.0NRT,289.5,1.55,N
32.56858,-116.29865,304.03,0.67,0.74,2026-09-15,1045,N,nominal,2.0NRT,284.61,1.54,N
32.56609,-116.29832,305.54,0.67,0.74,2026-09-15,1045,N,nominal,2.0NRT,284.31,1.59,N
34.78837,-118.62771,341.51,0.61,0.71,2026-09-15,2205,N,nominal,2.0NRT,305.41,12.79,D
34.78811,-118.63467,356.68,0.61,0.71,2026-09-15,2205,N,nominal,2.0NRT,306.06,9.48,D
34.78478,-118.63046,367,0.61,0.71,2026-09-15,2205,N,high,2.0NRT,308.75,14.39,D
37.14112,-122.19248,367,0.4,0.6,2026-09-15,2208,N,high,2.0NRT,303.85,10.18,D
37.1384,-122.19234,367,0.41,0.6,2026-09-15,2208,N,high,2.0NRT,302.52,10.52,D
37.57188,-119.60493,352.75,0.57,0.69,2026-09-15,2208,N,nominal,2.0NRT,295.3,181.6,D
37.57168,-119.61098,367,0.57,0.69,2026-09-15,2208,N,low,2.0NRT,337.96,181.6,D
37.57251,-119.60664,367,0.57,0.69,2026-09-15,2208,N,high,2.0NRT,295.83,234.76,D
37.57233,-119.6127,367,0.57,0.69,2026-09-15,2208,N,low,2.0NRT,343.68,410.33,D
37.57889,-119.60915,335.11,0.57,0.69,2026-09-15,2208,N,nominal,2.0NRT,289.19,5.92,D
37.85076,-121.23165,367,0.46,0.64,2026-09-15,2208,N,high,2.0NRT,312.75,9.51,D
37.85099,-121.22626,356.13,0.46,0.64,2026-09-15,2208,N,nominal,2.0NRT,308.22,11.88,D
38.0365,-121.01967,351.82,0.48,0.64,2026-09-15,2208,N,nominal,2.0NRT,304.63,2.85,D
38.06086,-121.19071,336.14,0.47,0.64,2026-09-15,2208,N,nominal,2.0NRT,302.7,16.86,D
38.06063,-121.19617,355.94,0.47,0.64,2026-09-15,2208,N,nominal,2.0NRT,311.64,22.16,D
38.06661,-121.19653,346.81,0.47,0.64,2026-09-15,2208,N,nominal,2.0NRT,303.72,5.97,D
39.1194,-121.66039,332.98,0.45,0.63,2026-09-15,2208,N,nominal,2.0NRT,307.84,1.82,D
39.23922,-121.58134,338.58,0.45,0.63,2026-09-15,2208,N,nominal,2.0NRT,304.48,5.11,D
39.23658,-121.58492,342.74,0.45,0.63,2026-09-15,2208,N,nominal,2.0NRT,306.68,4.97,D
39.28991,-121.58283,338.12,0.45,0.63,2026-09-15,2208,N,nominal,2.0NRT,304.4,2.97,D
39.35886,-121.6303,354.58,0.45,0.63,2026-09-15,2208,N,nominal,2.0NRT,311.27,7.87,D
39.35717,-121.62743,339.43,0.45,0.63,2026-09-15,2208,N,nominal,2.0NRT,304.18,4.82,D
39.35696,-121.63281,341.95,0.45,0.63,2026-09-15,2208,N,nominal,2.0NRT,305.29,4.82,D
41.78254,-121.7823,335.26,0.46,0.64,2026-09-15,2208,N,nominal,2.0NRT,296.28,4.62,D
41.78236,-121.78756,332.15,0.46,0.64,2026-09-15,2208,N,nominal,2.0NRT,296.96,9.55,D
41.78863,-121.77808,327.49,0.46,0.64,2026-09-15,2208,N,nominal,2.0NRT,295.46,4.62,D
41.78846,-121.78317,328.31,0.46,0.64,2026-09-15,2208,N,nominal,2.0NRT,294.57,4.62,D
32.55593,-115.45854,344.7,0.5,0.49,2026-09-15,2025,N,nominal,2.0NRT,309.25,13.44,D
32.55478,-115.46373,341.02,0.5,0.49,2026-09-15,2025,N,nominal,2.0NRT,308.1,7.68,D
33.15808,-115.85066,354.51,0.51,0.49,2026-09-15,2025,N,nominal,2.0NRT,314.37,21.83,D
35.96107,-121.37857,367,0.43,0.62,2026-09-15,2025,N,high,2.0NRT,307.92,10.18,D
37.56931,-119.61047,367,0.32,0.55,2026-09-15,2025,N,high,2.0NRT,298.68,31.93,D
37.56827,-119.61462,336.26,0.32,0.55,2026-09-15,2025,N,nominal,2.0NRT,305.23,21.53,D
37.5734,-119.61534,356.86,0.32,0.55,2026-09-15,2025,N,nominal,2.0NRT,290.77,21.53,D
37.57438,-119.61146,358.13,0.32,0.55,2026-09-15,2025,N,low,2.0NRT,289.23,31.93,D
37.45098,-120.53249,342.2,0.36,0.57,2026-09-15,2025,N,nominal,2.0NRT,307.49,2.6,D
37.52733,-120.51583,348.69,0.36,0.57,2026-09-15,2025,N,nominal,2.0NRT,303.45,3.65,D
37.51277,-120.59274,349,0.36,0.57,2026-09-15,2025,N,nominal,2.0NRT,305.87,2.51,D
37.54499,-120.70715,334.87,0.36,0.58,2026-09-15,2025,N,nominal,2.0NRT,304.78,1.35,D
37.61919,-121.29711,333.65,0.39,0.59,2026-09-15,2025,N,low,2.0NRT,304.04,2.08,D
37.85001,-121.22619,367,0.38,0.59,2026-09-15,2025,N,high,2.0NRT,310.53,13.9,D
37.8489,-121.23038,350.92,0.38,0.59,2026-09-15,2025,N,nominal,2.0NRT,313.52,13.9,D
37.8552,-121.22839,335.31,0.38,0.59,2026-09-15,2025,N,nominal,2.0NRT,307.32,3.58,D
37.85409,-121.23258,352.38,0.38,0.59,2026-09-15,2025,N,nominal,2.0NRT,310.29,3.58,D
37.95089,-121.13865,332.88,0.37,0.58,2026-09-15,2025,N,nominal,2.0NRT,306.05,1.33,D
38.03907,-121.02076,340.02,0.37,0.58,2026-09-15,2025,N,nominal,2.0NRT,304.71,2.38,D
38.03699,-121.01996,340.84,0.37,0.58,2026-09-15,2025,N,nominal,2.0NRT,304.23,3.23,D
38.04009,-121.0937,367,0.37,0.58,2026-09-15,2025,N,high,2.0NRT,308.15,5.28,D
38.05939,-121.19334,348.76,0.37,0.58,2026-09-15,2025,N,nominal,2.0NRT,303.04,3.99,D
38.06456,-121.19553,367,0.37,0.58,2026-09-15,2025,N,high,2.0NRT,319.88,38.43,D
38.06346,-121.19967,353.85,0.37,0.58,2026-09-15,2025,N,nominal,2.0NRT,311.14,38.43,D
39.12154,-121.66229,341.14,0.37,0.58,2026-09-15,2027,N,nominal,2.0NRT,305.81,2.88,D
39.23929,-121.58503,367,0.36,0.58,2026-09-15,2027,N,high,2.0NRT,307.15,8.26,D
39.24038,-121.58093,341.3,0.36,0.58,2026-09-15,2027,N,nominal,2.0NRT,302.25,8.26,D
39.2375,-121.58421,367,0.36,0.58,2026-09-15,2027,N,high,2.0NRT,309.33,8.17,D
39.23861,-121.58012,338.96,0.36,0.58,2026-09-15,2027,N,nominal,2.0NRT,300.76,8.17,D
39.28157,-121.58973,367,0.36,0.58,2026-09-15,2027,N,high,2.0NRT,302.53,4.79,D
39.28884,-121.5838,367,0.36,0.58,2026-09-15,2027,N,high,2.0NRT,305.76,10.82,D
39.29394,-121.58603,343.32,0.36,0.58,2026-09-15,2027,N,nominal,2.0NRT,300.65,2.72,D
39.35608,-121.62617,337.1,0.36,0.58,2026-09-15,2027,N,nominal,2.0NRT,299.35,2.01,D
39.36008,-121.63246,349.06,0.36,0.58,2026-09-15,2027,N,nominal,2.0NRT,311.78,5.37,D
39.43029,-121.66788,341.76,0.36,0.58,2026-09-15,2027,N,nominal,2.0NRT,303.76,3.87,D
39.4285,-121.66703,341.18,0.36,0.58,2026-09-15,2027,N,nominal,2.0NRT,303.44,5.36,D
39.3772,-121.96101,355.48,0.38,0.58,2026-09-15,2027,N,nominal,2.0NRT,305.42,9.62,D
39.37605,-121.96524,349.89,0.38,0.59,2026-09-15,2027,N,nominal,2.0NRT,306.62,8.33,D
39.4524,-121.70506,367,0.36,0.58,2026-09-15,2027,N,high,2.0NRT,307.95,9.27,D
39.38237,-121.9633,367,0.38,0.58,2026-09-15,2027,N,high,2.0NRT,306.79,96.63,D
39.38122,-121.96752,367,0.38,0.59,2026-09-15,2027,N,high,2.0NRT,339.42,93.21,D
39.38007,-121.97176,208,0.38,0.59,2026-09-15,2027,N,low,2.0NRT,317.94,93.21,D
39.24488,-122.95291,331.5,0.43,0.62,2026-09-15,2027,N,nominal,2.0NRT,304.49,2.23,D
40.44381,-122.40942,344.3,0.37,0.58,2026-09-15,2027,N,nominal,2.0NRT,306.4,3.48,D
41.78458,-121.78308,336.82,0.32,0.55,2026-09-15,2027,N,low,2.0NRT,308.6,6.16,D
41.78352,-121.78712,344.94,0.32,0.55,2026-09-15,2027,N,nominal,2.0NRT,311.18,6.16,D
41.79053,-121.78098,338.45,0.32,0.55,2026-09-15,2027,N,nominal,2.0NRT,307.5,6.93,D
40.82311,-114.25455,297.23,0.53,0.67,2026-09-16,0845,N,nominal,2.0NRT,282.23,1.22,N
36.35658,-114.912,310.77,0.53,0.67,2026-09-16,0845,N,nominal,2.0NRT,292.99,1.61,N
36.35988,-114.9124,306.7,0.53,0.67,2026-09-16,0845,N,nominal,2.0NRT,292.56,1.48,N
34.60913,-117.33846,305.49,0.71,0.75,2026-09-16,0845,N,nominal,2.0NRT,287.32,1.72,N
40.82383,-114.25891,309.1,0.59,0.53,2026-09-16,1026,N,nominal,2.0NRT,283.52,2.46,N
40.81947,-114.25416,298.41,0.59,0.53,2026-09-16,1026,N,nominal,2.0NRT,282.53,3.09,N
40.73747,-122.32478,305.54,0.41,0.37,2026-09-16,1026,N,nominal,2.0NRT,287.25,0.86,N
39.61791,-119.26096,303.38,0.54,0.42,2026-09-16,1026,N,nominal,2.0NRT,281.77,0.92,N
39.35719,-121.62872,299.12,0.44,0.39,2026-09-16,1026,N,nominal,2.0NRT,287.19,0.51,N
38.31517,-121.83598,296.07,0.45,0.39,2026-09-16,1026,N,nominal,2.0NRT,285.69,0.46,N
38.20831,-121.38445,298.56,0.47,0.4,2026-09-16,1026,N,nominal,2.0NRT,284.68,0.7,N
37.61219,-119.62241,318.28,0.57,0.43,2026-09-16,1028,N,nominal,2.0NRT,281.5,2.77,N
37.60711,-119.61814,332.89,0.57,0.43,2026-09-16,1028,N,nominal,2.0NRT,283.3,6.38,N
37.6083,-119.62376,310.95,0.57,0.43,2026-09-16,1028,N,nominal,2.0NRT,281.38,2.77,N
37.60326,-119.61959,345.4,0.57,0.43,2026-09-16,1028,N,nominal,2.0NRT,284.95,75.11,N
37.60206,-119.61395,312.21,0.57,0.43,2026-09-16,1028,N,nominal,2.0NRT,281.64,75.11,N
37.60081,-119.60802,306.36,0.57,0.43,2026-09-16,1028,N,nominal,2.0NRT,279.31,63.88,N
37.59948,-119.62135,349.02,0.57,0.43,2026-09-16,1028,N,nominal,2.0NRT,292.24,75.11,N
37.59824,-119.61556,367,0.57,0.43,2026-09-16,1028,N,high,2.0NRT,335.99,75.11,N
37.59696,-119.60948,326.66,0.57,0.43,2026-09-16,1028,N,nominal,2.0NRT,317.5,63.88,N
37.60065,-119.6269,300.71,0.57,0.43,2026-09-16,1028,N,nominal,2.0NRT,281.69,1.81,N
37.59567,-119.62309,345.63,0.57,0.43,2026-09-16,1028,N,nominal,2.0NRT,291.29,100.6,N
37.5944,-119.61707,367,0.57,0.43,2026-09-16,1028,N,high,2.0NRT,339.68,100.6,N
37.59306,-119.61076,325.69,0.57,0.43,2026-09-16,1028,N,nominal,2.0NRT,316.48,59.85,N
37.59172,-119.60444,323.21,0.57,0.43,2026-09-16,1028,N,nominal,2.0NRT,280.73,59.85,N
37.59686,-119.62865,300.2,0.57,0.43,2026-09-16,1028,N,nominal,2.0NRT,280.21,1.68,N
37.59177,-119.62426,321.56,0.57,0.43,2026-09-16,1028,N,nominal,2.0NRT,280.31,100.6,N
37.59045,-119.61806,335.38,0.57,0.43,2026-09-16,1028,N,nominal,2.0NRT,323.32,100.6,N
37.58912,-119.61179,349.83,0.57,0.43,2026-09-16,1028,N,nominal,2.0NRT,324.65,59.85,N
37.58781,-119.60559,335.7,0.57,0.43,2026-09-16,1028,N,nominal,2.0NRT,300.82,59.85,N
37.5865,-119.61903,327.18,0.57,0.43,2026-09-16,1028,N,nominal,2.0NRT,313.58,70.51,N
37.58516,-119.61276,350.77,0.57,0.43,2026-09-16,1028,N,nominal,2.0NRT,318.05,51.5,N
37.58384,-119.60653,355.29,0.57,0.43,2026-09-16,1028,N,nominal,2.0NRT,304.7,51.5,N
37.58253,-119.61999,330.3,0.57,0.43,2026-09-16,1028,N,nominal,2.0NRT,283.1,70.51,N
37.58118,-119.61365,344.68,0.57,0.43,2026-09-16,1028,N,nominal,2.0NRT,316.24,51.5,N
37.57986,-119.60741,356.36,0.57,0.43,2026-09-16,1028,N,nominal,2.0NRT,306.03,51.5,N
37.5785,-119.601,317.01,0.57,0.43,2026-09-16,1028,N,nominal,2.0NRT,281.36,11.29,N
37.5772,-119.61449,342.69,0.57,0.43,2026-09-16,1028,N,nominal,2.0NRT,305.38,37.89,N
37.57586,-119.60818,350.94,0.57,0.43,2026-09-16,1028,N,nominal,2.0NRT,308.31,37.89,N
37.5745,-119.60184,312.3,0.57,0.43,2026-09-16,1028,N,nominal,2.0NRT,280.34,8.7,N
37.57321,-119.6153,351.23,0.57,0.43,2026-09-16,1028,N,nominal,2.0NRT,291.35,37.89,N
37.57186,-119.60898,352.94,0.57,0.43,2026-09-16,1028,N,nominal,2.0NRT,292.9,37.89,N
37.5692,-119.61607,334.74,0.57,0.43,2026-09-16,1028,N,nominal,2.0NRT,285.46,8.96,N
37.56791,-119.60997,333.1,0.57,0.43,2026-09-16,1028,N,nominal,2.0NRT,282.31,8.96,N
37.88451,-121.18519,304.43,0.48,0.4,2026-09-16,1028,N,nominal,2.0NRT,287.58,0.97,N
38.0043,-121.93225,303.71,0.45,0.39,2026-09-16,1028,N,nominal,2.0NRT,285.82,0.34,N
37.85118,-121.2299,313.98,0.48,0.4,2026-09-16,1028,N,nominal,2.0NRT,287.82,1.49,N
37.85238,-121.23084,306.85,0.48,0.4,2026-09-16,1028,N,nominal,2.0NRT,287.05,1.09,N
36.3568,-114.91206,311.53,0.35,0.57,2026-09-16,1028,N,nominal,2.0NRT,294.35,1.06,N
37.7641,-121.65269,297.79,0.46,0.39,2026-09-16,1028,N,nominal,2.0NRT,285.92,0.49,N
37.44987,-120.53268,297.96,0.52,0.42,2026-09-16,1028,N,nominal,2.0NRT,287.37,0.88,N
37.45444,-121.93082,300.77,0.46,0.39,2026-09-16,1028,N,nominal,2.0NRT,285.75,0.38,N
37.03668,-120.13125,298.27,0.55,0.43,2026-09-16,1028,N,nominal,2.0NRT,284.92,0.74,N
37.21339,-121.90127,295.77,0.46,0.39,2026-09-16,1028,N,nominal,2.0NRT,284.39,0.36,N
36.0622,-119.04739,313.47,0.43,0.46,2026-09-16,1028,N,nominal,2.0NRT,289.91,1.71,N
36.05807,-119.04877,319.13,0.43,0.46,2026-09-16,1028,N,nominal,2.0NRT,288.3,1.71,N
36.17472,-119.68782,298.61,0.4,0.44,2026-09-16,1028,N,nominal,2.0NRT,285.99,0.58,N
34.62009,-117.09951,302.41,0.59,0.53,2026-09-16,1028,N,nominal,2.0NRT,289.64,1.27,N
34.62269,-117.10031,304.69,0.59,0.53,2026-09-16,1028,N,nominal,2.0NRT,290.25,1.83,N
34.60833,-117.33816,314.13,0.58,0.52,2026-09-16,1028,N,nominal,2.0NRT,289.66,2.77,N
34.35345,-116.85516,301.14,0.62,0.54,2026-09-16,1028,N,nominal,2.0NRT,287.93,1.06,N
34.35286,-116.85495,300.62,0.62,0.54,2026-09-16,1028,N,nominal,2.0NRT,287.38,1.51,N
33.61235,-117.82472,301.54,0.57,0.52,2026-09-16,1028,N,nominal,2.0NRT,287.74,0.82,N
32.66096,-114.82294,338.34,0.42,0.61,2026-09-16,2006,N,nominal,2.0NRT,303.88,1.53,D
33.1594,-115.85222,349,0.46,0.64,2026-09-16,2006,N,nominal,2.0NRT,315,14.57,D
35.57608,-115.48272,335.09,0.39,0.59,2026-09-16,2008,N,nominal,2.0NRT,304.87,2.84,D
35.57602,-115.48657,341.55,0.39,0.59,2026-09-16,2008,N,nominal,2.0NRT,304.2,1.63,D
37.56982,-119.60802,352.04,0.56,0.69,2026-09-16,2008,N,nominal,2.0NRT,274.32,34.82,D
37.57862,-119.60155,356.51,0.56,0.69,2026-09-16,2008,N,low,2.0NRT,277.58,51.36,D
37.65886,-121.38365,339.74,0.68,0.74,2026-09-16,2008,N,nominal,2.0NRT,299.77,8.86,D
37.65897,-121.38523,328.48,0.68,0.74,2026-09-16,2008,N,low,2.0NRT,299.07,5.09,D
39.41321,-120.02654,367,0.52,0.67,2026-09-16,2008,N,high,2.0NRT,318.05,69.02,D
39.40936,-120.03936,367,0.52,0.67,2026-09-16,2008,N,high,2.0NRT,308.56,21.27,D
39.41176,-120.03136,355.81,0.52,0.67,2026-09-16,2008,N,nominal,2.0NRT,321.33,81.69,D
39.41057,-120.03533,353.86,0.52,0.67,2026-09-16,2008,N,nominal,2.0NRT,320.64,81.69,D
39.40803,-120.0438,340.83,0.52,0.67,2026-09-16,2008,N,nominal,2.0NRT,298.93,21.27,D
39.41904,-120.02939,367,0.52,0.67,2026-09-16,2008,N,high,2.0NRT,305.3,234.8,D
39.41527,-120.04195,355.56,0.52,0.67,2026-09-16,2008,N,nominal,2.0NRT,316.17,176.43,D
39.41388,-120.04662,348.52,0.52,0.67,2026-09-16,2008,N,nominal,2.0NRT,323.23,176.43,D
39.41762,-120.03413,367,0.52,0.67,2026-09-16,2008,N,low,2.0NRT,339.75,188.57,D
39.42329,-120.03753,367,0.52,0.67,2026-09-16,2008,N,high,2.0NRT,298.56,188.57,D
39.41788,-120.05562,351.87,0.52,0.67,2026-09-16,2008,N,nominal,2.0NRT,296.05,53.36,D
39.42211,-120.04147,367,0.52,0.67,2026-09-16,2008,N,low,2.0NRT,334.34,188.57,D
39.42694,-120.04769,367,0.52,0.67,2026-09-16,2008,N,high,2.0NRT,294.55,110.82,D
39.42807,-120.04395,349.95,0.52,0.67,2026-09-16,2008,N,nominal,2.0NRT,290.42,31.36,D
39.42569,-120.05189,353.96,0.52,0.67,2026-09-16,2008,N,nominal,2.0NRT,319.5,110.82,D
38.82246,-122.02469,367,0.67,0.74,2026-09-16,2008,N,high,2.0NRT,301.36,16.4,D
39.43011,-120.05618,341.55,0.52,0.67,2026-09-16,2008,N,nominal,2.0NRT,288.41,9.45,D
38.82295,-122.02611,367,0.67,0.74,2026-09-16,2008,N,high,2.0NRT,301.55,11.22,D
39.11581,-121.65623,336.06,0.63,0.72,2026-09-16,2008,N,nominal,2.0NRT,298.4,5.69,D
39.20621,-121.67017,330.94,0.63,0.72,2026-09-16,2008,N,nominal,2.0NRT,296.5,4.14,D
39.20258,-121.67033,329,0.63,0.72,2026-09-16,2008,N,nominal,2.0NRT,295.9,2.82,D
39.2859,-121.59118,349.21,0.62,0.72,2026-09-16,2008,N,nominal,2.0NRT,294.31,9.97,D
39.35877,-121.6302,332.07,0.62,0.72,2026-09-16,2008,N,nominal,2.0NRT,298.95,1.83,D
37.56927,-119.60724,354.57,0.62,0.54,2026-09-16,2148,N,nominal,2.0NRT,300.52,31.84,D
37.56882,-119.6137,345.99,0.62,0.54,2026-09-16,2148,N,nominal,2.0NRT,295.61,32.61,D
37.57467,-119.60186,345.08,0.62,0.54,2026-09-16,2148,N,nominal,2.0NRT,297.54,31.84,D
37.57421,-119.60854,352.48,0.62,0.54,2026-09-16,2148,N,nominal,2.0NRT,296.57,31.84,D
37.57374,-119.61527,355.2,0.62,0.54,2026-09-16,2148,N,nominal,2.0NRT,302.2,32.61,D
37.57324,-119.62232,335.83,0.62,0.54,2026-09-16,2148,N,nominal,2.0NRT,291.08,32.61,D
37.57959,-119.60342,367,0.62,0.54,2026-09-16,2148,N,high,2.0NRT,338.39,116.39,D
37.58009,-119.59621,345.94,0.62,0.54,2026-09-16,2148,N,nominal,2.0NRT,294.02,98.38,D
37.57912,-119.61011,342.17,0.62,0.54,2026-09-16,2148,N,nominal,2.0NRT,294.98,116.39,D
37.57866,-119.61676,356.64,0.62,0.54,2026-09-16,2148,N,nominal,2.0NRT,294.88,150.82,D
37.58503,-119.59754,348.46,0.62,0.54,2026-09-16,2148,N,nominal,2.0NRT,296.06,98.38,D
37.58406,-119.61145,347.17,0.62,0.54,2026-09-16,2148,N,nominal,2.0NRT,296.75,116.39,D
37.58899,-119.61268,343.63,0.62,0.54,2026-09-16,2148,N,nominal,2.0NRT,296.56,60.53,D
37.58852,-119.61947,349.1,0.62,0.54,2026-09-16,2148,N,nominal,2.0NRT,308.97,51.36,D
37.59444,-119.6068,353.67,0.62,0.54,2026-09-16,2148,N,nominal,2.0NRT,305.94,60.53,D
37.59394,-119.61377,345.49,0.62,0.54,2026-09-16,2148,N,nominal,2.0NRT,296.98,60.53,D
32.57291,-114.95954,333.55,0.51,0.66,2026-09-16,2146,N,low,2.0NRT,303.88,2.94,D
32.57261,-114.96514,335.45,0.51,0.66,2026-09-16,2146,N,nominal,2.0NRT,304.27,3.4,D
37.59346,-119.62053,353.6,0.62,0.54,2026-09-16,2148,N,nominal,2.0NRT,305.49,51.36,D
32.57162,-114.96214,367,0.51,0.66,2026-09-16,2146,N,high,2.0NRT,305.07,10.95,D
37.59301,-119.62691,332.96,0.62,0.54,2026-09-16,2148,N,nominal,2.0NRT,289.22,51.36,D
32.51241,-117.06142,336.14,0.39,0.59,2026-09-16,2146,N,nominal,2.0NRT,302.73,3.19,D
37.59896,-119.61396,351.66,0.62,0.54,2026-09-16,2148,N,nominal,2.0NRT,293.4,124.99,D
36.21391,-116.00277,335.84,0.48,0.65,2026-09-16,2148,N,nominal,2.0NRT,309.08,3.1,D
37.5985,-119.62052,354.3,0.62,0.54,2026-09-16,2148,N,nominal,2.0NRT,299.44,29.5,D
37.59806,-119.62665,348.55,0.62,0.54,2026-09-16,2148,N,nominal,2.0NRT,287.82,29.5,D
37.60358,-119.61968,352.51,0.62,0.54,2026-09-16,2148,N,nominal,2.0NRT,294.42,29.5,D
37.60903,-119.61378,344.99,0.62,0.54,2026-09-16,2148,N,nominal,2.0NRT,290.59,11.87,D
37.60861,-119.61961,356.51,0.62,0.54,2026-09-16,2148,N,nominal,2.0NRT,299.5,28.34,D
37.60819,-119.62553,337.64,0.62,0.54,2026-09-16,2148,N,nominal,2.0NRT,283.95,28.34,D
37.61404,-119.61408,339.88,0.62,0.54,2026-09-16,2148,N,nominal,2.0NRT,289.64,11.87,D
37.61362,-119.61983,344.59,0.62,0.54,2026-09-16,2148,N,nominal,2.0NRT,291.7,28.34,D
37.61359,-119.61526,345.44,0.62,0.54,2026-09-16,2148,N,nominal,2.0NRT,290.29,11.37,D
37.61321,-119.62098,344.07,0.62,0.54,2026-09-16,2148,N,nominal,2.0NRT,291.57,11.37,D
37.85859,-121.13566,331.86,0.51,0.5,2026-09-16,2148,N,low,2.0NRT,303.37,3,D
38.82008,-122.02588,344.41,0.47,0.48,2026-09-16,2148,N,nominal,2.0NRT,309.27,9.99,D
38.81932,-122.02265,343.31,0.47,0.48,2026-09-16,2148,N,nominal,2.0NRT,308.45,6.81,D
39.11588,-121.6578,340.46,0.5,0.49,2026-09-16,2148,N,nominal,2.0NRT,306.56,3.53,D
39.12041,-121.6584,337.44,0.5,0.49,2026-09-16,2148,N,nominal,2.0NRT,305.62,3.53,D
39.40789,-120.03162,331.28,0.61,0.54,2026-09-16,2148,N,nominal,2.0NRT,298.07,4.45,D
39.28281,-121.58885,330.29,0.5,0.49,2026-09-16,2148,N,nominal,2.0NRT,300.08,1.6,D
39.40836,-120.03269,338.13,0.61,0.54,2026-09-16,2148,N,nominal,2.0NRT,298.94,6.9,D
39.4133,-120.03359,345.22,0.61,0.54,2026-09-16,2148,N,nominal,2.0NRT,299.94,6.9,D
39.41263,-120.04388,333.15,0.61,0.54,2026-09-16,2148,N,nominal,2.0NRT,297.74,6.9,D
39.41768,-120.0431,367,0.61,0.54,2026-09-16,2148,N,high,2.0NRT,304.22,23.19,D
39.41833,-120.0332,343.93,0.61,0.54,2026-09-16,2148,N,nominal,2.0NRT,293.74,23.19,D
39.42207,-120.05246,339.26,0.61,0.54,2026-09-16,2148,N,nominal,2.0NRT,297.63,8.9,D
39.427,-120.05343,342.09,0.61,0.54,2026-09-16,2148,N,nominal,2.0NRT,300.43,32.29,D
39.39216,-121.65948,337.97,0.5,0.49,2026-09-16,2148,N,nominal,2.0NRT,306.7,5.77,D
41.54272,-117.6689,303.17,0.4,0.37,2026-09-17,1009,N,nominal,2.0NRT,283.83,0.83,N
39.61983,-119.26378,313.27,0.39,0.36,2026-09-17,1009,N,nominal,2.0NRT,286.71,1.76,N
39.4299,-120.05334,303.81,0.38,0.36,2026-09-17,1009,N,nominal,2.0NRT,280.44,0.84,N
39.42662,-120.05424,302.62,0.38,0.36,2026-09-17,1009,N,nominal,2.0NRT,279.41,0.84,N
39.42591,-120.04978,295.99,0.38,0.36,2026-09-17,1009,N,nominal,2.0NRT,279.66,1.04,N
39.42519,-120.04532,313.6,0.38,0.36,2026-09-17,1009,N,nominal,2.0NRT,282.65,1.04,N
39.42119,-120.04176,295.38,0.38,0.36,2026-09-17,1009,N,nominal,2.0NRT,281.73,0.62,N
39.42047,-120.03731,296.45,0.38,0.36,2026-09-17,1009,N,nominal,2.0NRT,282.45,0.62,N
39.41864,-120.04712,295.88,0.38,0.36,2026-09-17,1009,N,nominal,2.0NRT,279,1.38,N
39.4172,-120.03821,295.99,0.38,0.36,2026-09-17,1009,N,nominal,2.0NRT,280.84,0.62,N
39.41648,-120.03378,296.43,0.38,0.36,2026-09-17,1009,N,nominal,2.0NRT,282.3,0.81,N
39.41465,-120.04358,297.39,0.38,0.36,2026-09-17,1009,N,nominal,2.0NRT,279.67,1.36,N
39.40921,-120.0311,300.57,0.38,0.36,2026-09-17,1009,N,nominal,2.0NRT,284.13,1.46,N
38.31403,-121.83465,295.17,0.39,0.36,2026-09-17,1009,N,nominal,2.0NRT,285.17,0.33,N
37.88251,-121.18468,307.07,0.38,0.36,2026-09-17,1009,N,nominal,2.0NRT,285.41,0.83,N
37.61315,-119.61762,326.81,0.39,0.36,2026-09-17,1009,N,nominal,2.0NRT,278.31,1.7,N
37.61242,-119.61336,326.04,0.39,0.36,2026-09-17,1009,N,nominal,2.0NRT,281.51,9.12,N
37.61388,-119.62189,303.94,0.39,0.36,2026-09-17,1009,N,nominal,2.0NRT,279.02,1.7,N
37.61169,-119.60907,299.37,0.39,0.36,2026-09-17,1009,N,nominal,2.0NRT,277.24,9.12,N
37.60911,-119.61423,349.65,0.39,0.36,2026-09-17,1009,N,nominal,2.0NRT,293.99,9.12,N
37.60838,-119.60995,327.12,0.39,0.36,2026-09-17,1009,N,nominal,2.0NRT,278.12,9.12,N
37.61057,-119.62277,304.7,0.39,0.36,2026-09-17,1009,N,nominal,2.0NRT,277.24,1.7,N
37.60984,-119.6185,308.56,0.39,0.36,2026-09-17,1009,N,nominal,2.0NRT,275.44,1.7,N
37.60765,-119.60563,298.9,0.39,0.36,2026-09-17,1009,N,nominal,2.0NRT,277.01,1.1,N
37.60543,-119.59261,310.71,0.39,0.36,2026-09-17,1009,N,nominal,2.0NRT,278.01,1.58,N
37.6058,-119.61514,346.79,0.39,0.36,2026-09-17,1009,N,nominal,2.0NRT,277.44,3.05,N
37.60211,-119.59346,367,0.39,0.36,2026-09-17,1009,N,high,2.0NRT,330.87,46.04,N
37.60727,-119.62367,300.77,0.39,0.36,2026-09-17,1009,N,nominal,2.0NRT,277.62,1.17,N
37.60653,-119.6194,295.89,0.39,0.36,2026-09-17,1009,N,nominal,2.0NRT,274.22,1.17,N
37.60508,-119.61083,318.35,0.39,0.36,2026-09-17,1009,N,nominal,2.0NRT,275.72,3.05,N
37.60434,-119.60649,299.79,0.39,0.36,2026-09-17,1009,N,nominal,2.0NRT,277.38,1.39,N
37.6036,-119.60216,299.07,0.39,0.36,2026-09-17,1009,N,nominal,2.0NRT,277.51,1.39,N
37.60286,-119.59782,302.67,0.39,0.36,2026-09-17,1009,N,nominal,2.0NRT,278.05,46.04,N
37.60251,-119.61605,320.11,0.39,0.36,2026-09-17,1009,N,nominal,2.0NRT,278.2,3.05,N
37.60029,-119.60304,333.44,0.39,0.36,2026-09-17,1009,N,nominal,2.0NRT,280.21,1.39,N
37.59879,-119.59428,334.58,0.39,0.36,2026-09-17,1009,N,nominal,2.0NRT,279.64,46.04,N
37.60323,-119.62032,311.03,0.39,0.36,2026-09-17,1009,N,nominal,2.0NRT,276.52,1.17,N
37.60104,-119.60741,298.24,0.39,0.36,2026-09-17,1009,N,nominal,2.0NRT,274.98,1.39,N
37.59995,-119.62132,325,0.39,0.36,2026-09-17,1009,N,nominal,2.0NRT,280.26,3.52,N
37.59922,-119.61702,338.31,0.39,0.36,2026-09-17,1009,N,nominal,2.0NRT,283.45,2.27,N
37.59698,-119.60394,351.42,0.39,0.36,2026-09-17,1009,N,nominal,2.0NRT,304.97,14.12,N
37.60068,-119.62559,311.71,0.39,0.36,2026-09-17,1009,N,nominal,2.0NRT,277.19,3.52,N
37.59774,-119.60833,299.78,0.39,0.36,2026-09-17,1009,N,nominal,2.0NRT,275.31,14.12,N
37.59739,-119.62659,337.14,0.39,0.36,2026-09-17,1009,N,nominal,2.0NRT,279,3.52,N
37.59666,-119.62232,342.2,0.39,0.36,2026-09-17,1009,N,nominal,2.0NRT,281.97,3.52,N
37.59592,-119.61799,325.33,0.39,0.36,2026-09-17,1009,N,nominal,2.0NRT,278.57,2.27,N
37.59368,-119.60484,355.5,0.39,0.36,2026-09-17,1009,N,nominal,2.0NRT,288.89,14.12,N
37.59292,-119.6004,348.58,0.39,0.36,2026-09-17,1009,N,nominal,2.0NRT,299.72,23.27,N
37.59217,-119.59597,331.17,0.39,0.36,2026-09-17,1009,N,nominal,2.0NRT,279.56,23.27,N
37.59518,-119.61361,304,0.39,0.36,2026-09-17,1009,N,nominal,2.0NRT,278.19,2.27,N
37.59443,-119.60921,296.93,0.39,0.36,2026-09-17,1009,N,nominal,2.0NRT,275.23,14.12,N
37.59336,-119.62321,351.24,0.39,0.36,2026-09-17,1009,N,nominal,2.0NRT,281.61,3.3,N
37.59261,-119.61884,322.07,0.39,0.36,2026-09-17,1009,N,nominal,2.0NRT,277.4,1.38,N
37.59037,-119.6057,332.48,0.39,0.36,2026-09-17,1009,N,nominal,2.0NRT,278.63,2.65,N
37.58961,-119.60129,347.45,0.39,0.36,2026-09-17,1009,N,nominal,2.0NRT,284.13,19.95,N
37.58885,-119.59683,346.78,0.39,0.36,2026-09-17,1009,N,nominal,2.0NRT,292.85,19.95,N
37.59409,-119.62754,306.6,0.39,0.36,2026-09-17,1009,N,nominal,2.0NRT,275.14,3.3,N
37.59187,-119.61446,306.85,0.39,0.36,2026-09-17,1009,N,nominal,2.0NRT,279.21,1.38,N
37.5863,-119.60214,347.37,0.39,0.36,2026-09-17,1009,N,nominal,2.0NRT,293.31,19.95,N
37.58554,-119.5977,347.25,0.39,0.36,2026-09-17,1009,N,nominal,2.0NRT,285.5,19.95,N
37.59005,-119.62405,307.05,0.39,0.36,2026-09-17,1009,N,nominal,2.0NRT,276.05,3.3,N
37.58929,-119.61968,311.4,0.39,0.36,2026-09-17,1009,N,nominal,2.0NRT,276.94,1.38,N
37.58855,-119.61529,307.4,0.39,0.36,2026-09-17,1009,N,nominal,2.0NRT,278.74,1.38,N
37.5878,-119.61092,303.43,0.39,0.36,2026-09-17,1009,N,nominal,2.0NRT,278.73,2.65,N
37.58706,-119.60653,309.36,0.39,0.36,2026-09-17,1009,N,nominal,2.0NRT,276.55,2.65,N
37.58298,-119.60297,352.24,0.39,0.36,2026-09-17,1009,N,nominal,2.0NRT,288.42,7.26,N
37.58223,-119.59853,335.84,0.39,0.36,2026-09-17,1009,N,nominal,2.0NRT,289.96,7.26,N
37.58523,-119.6161,304.32,0.39,0.36,2026-09-17,1009,N,nominal,2.0NRT,276.72,1.03,N
37.58448,-119.61173,308.6,0.39,0.36,2026-09-17,1009,N,nominal,2.0NRT,279.73,1.28,N
37.58373,-119.60736,310.52,0.39,0.36,2026-09-17,1009,N,nominal,2.0NRT,278.74,1.28,N
37.58191,-119.61693,301.93,0.39,0.36,2026-09-17,1009,N,nominal,2.0NRT,276.66,1.03,N
37.58116,-119.61254,308.7,0.39,0.36,2026-09-17,1009,N,nominal,2.0NRT,279.13,1.28,N
37.58041,-119.60817,309.91,0.39,0.36,2026-09-17,1009,N,nominal,2.0NRT,280.88,1.28,N
37.57966,-119.60377,312.21,0.39,0.36,2026-09-17,1009,N,nominal,2.0NRT,278.01,7.26,N
37.5789,-119.59936,312.76,0.39,0.36,2026-09-17,1009,N,nominal,2.0NRT,278.6,7.26,N
37.57633,-119.60458,345.26,0.39,0.36,2026-09-17,1009,N,nominal,2.0NRT,287.03,4.57,N
37.57558,-119.60017,325.89,0.39,0.36,2026-09-17,1009,N,nominal,2.0NRT,278.97,4.57,N
37.57859,-119.61773,303.82,0.39,0.36,2026-09-17,1009,N,nominal,2.0NRT,277.12,1.05,N
37.57784,-119.61333,305.71,0.39,0.36,2026-09-17,1009,N,nominal,2.0NRT,278.18,1.39,N
37.57708,-119.60896,312.67,0.39,0.36,2026-09-17,1009,N,nominal,2.0NRT,282.19,1.39,N
37.57301,-119.60535,352.22,0.39,0.36,2026-09-17,1009,N,nominal,2.0NRT,287.92,4.57,N
37.57226,-119.60098,325.05,0.39,0.36,2026-09-17,1009,N,nominal,2.0NRT,278.07,4.57,N
37.57526,-119.61854,298.55,0.39,0.36,2026-09-17,1009,N,nominal,2.0NRT,276.59,1.05,N
37.57451,-119.61414,298.84,0.39,0.36,2026-09-17,1009,N,nominal,2.0NRT,276.65,1.39,N
37.57376,-119.60976,318.89,0.39,0.36,2026-09-17,1009,N,nominal,2.0NRT,282.1,1.39,N
37.56969,-119.60619,328.39,0.39,0.36,2026-09-17,1009,N,nominal,2.0NRT,277.39,2.18,N
37.57043,-119.61054,303.43,0.39,0.36,2026-09-17,1009,N,nominal,2.0NRT,276.97,0.93,N
37.56894,-119.60183,310.31,0.39,0.36,2026-09-17,1009,N,nominal,2.0NRT,277.19,2.18,N
37.56712,-119.61139,297.38,0.39,0.36,2026-09-17,1009,N,nominal,2.0NRT,277.21,0.93,N
37.77839,-121.15003,297.18,0.38,0.36,2026-09-17,1009,N,nominal,2.0NRT,283.85,0.19,N
37.6303,-120.74982,311.17,0.38,0.36,2026-09-17,1009,N,nominal,2.0NRT,286.15,0.73,N
37.75541,-121.65875,300.06,0.39,0.36,2026-09-17,1009,N,nominal,2.0NRT,284.51,0.19,N
37.57866,-120.6416,296.69,0.38,0.36,2026-09-17,1009,N,nominal,2.0NRT,286.2,0.38,N
36.38346,-114.87608,303.96,0.4,0.44,2026-09-17,1009,N,nominal,2.0NRT,292.73,0.38,N
36.35722,-114.91276,311.47,0.4,0.44,2026-09-17,1009,N,nominal,2.0NRT,292.56,0.96,N
37.03869,-120.13248,318.58,0.39,0.36,2026-09-17,1009,N,nominal,2.0NRT,286.06,1.52,N
37.03539,-120.13334,299.21,0.39,0.36,2026-09-17,1009,N,nominal,2.0NRT,285.85,1.52,N
37.025,-120.19482,304.96,0.39,0.36,2026-09-17,1009,N,nominal,2.0NRT,286.7,0.73,N
37.18476,-121.67864,296.5,0.39,0.36,2026-09-17,1009,N,nominal,2.0NRT,284.39,0.45,N
36.65036,-120.58447,299.42,0.39,0.36,2026-09-17,1009,N,nominal,2.0NRT,286.02,0.52,N
36.71261,-121.76659,296.16,0.39,0.36,2026-09-17,1009,N,nominal,2.0NRT,283.93,0.37,N
35.12258,-118.36732,295.48,0.44,0.39,2026-09-17,1009,N,nominal,2.0NRT,283.22,0.48,N
34.62226,-117.10325,304.87,0.51,0.41,2026-09-17,1009,N,nominal,2.0NRT,288.43,1.23,N
34.6212,-117.09789,302.01,0.51,0.41,2026-09-17,1009,N,nominal,2.0NRT,288.31,1.23,N
34.61061,-117.33804,300.17,0.5,0.41,2026-09-17,1009,N,nominal,2.0NRT,286.83,0.46,N
34.60911,-117.33514,309.05,0.5,0.41,2026-09-17,1009,N,nominal,2.0NRT,288.25,1.65,N
34.35601,-116.85252,298.62,0.53,0.42,2026-09-17,1009,N,nominal,2.0NRT,288.61,0.61,N
41.57834,-117.82963,352.95,0.6,0.7,2026-09-17,1949,N,nominal,2.0NRT,304.81,13.34,D
36.79237,-120.20592,336.02,0.49,0.4,2026-09-17,2129,N,nominal,2.0NRT,301.85,5.31,D
36.90742,-120.33407,343.65,0.48,0.4,2026-09-17,2129,N,nominal,2.0NRT,303.26,6.78,D
37.28452,-121.07728,333.2,0.45,0.39,2026-09-17,2129,N,nominal,2.0NRT,302.8,3.91,D
37.5686,-119.60757,367,0.53,0.42,2026-09-17,2129,N,high,2.0NRT,298.32,19.89,D
37.57303,-119.60268,350.83,0.53,0.42,2026-09-17,2129,N,nominal,2.0NRT,290.16,14.98,D
37.57747,-119.59784,336.93,0.53,0.42,2026-09-17,2129,N,nominal,2.0NRT,311.42,24.9,D
37.57682,-119.60373,342.24,0.53,0.42,2026-09-17,2129,N,nominal,2.0NRT,298.67,24.9,D
37.58127,-119.59881,343.04,0.53,0.42,2026-09-17,2129,N,nominal,2.0NRT,300.64,24.9,D
37.58062,-119.60478,333.68,0.53,0.42,2026-09-17,2129,N,nominal,2.0NRT,302.33,24.9,D
37.57936,-119.61626,344.29,0.53,0.42,2026-09-17,2129,N,nominal,2.0NRT,303.52,17.01,D
37.58573,-119.59372,332.82,0.53,0.42,2026-09-17,2129,N,nominal,2.0NRT,294.71,28.74,D
37.58506,-119.59982,352.72,0.53,0.42,2026-09-17,2129,N,nominal,2.0NRT,306.63,18.81,D
37.58442,-119.60575,338.25,0.53,0.42,2026-09-17,2129,N,nominal,2.0NRT,304.31,18.81,D
37.58316,-119.61723,350.53,0.53,0.42,2026-09-17,2129,N,nominal,2.0NRT,300.52,13.91,D
37.58954,-119.59457,335.81,0.53,0.42,2026-09-17,2129,N,nominal,2.0NRT,299.41,28.74,D
37.58887,-119.6007,339.09,0.53,0.42,2026-09-17,2129,N,nominal,2.0NRT,307.53,18.81,D
37.58822,-119.60667,344.8,0.53,0.42,2026-09-17,2129,N,nominal,2.0NRT,305.62,18.81,D
37.58696,-119.61818,337.76,0.53,0.42,2026-09-17,2129,N,nominal,2.0NRT,297.91,13.91,D
37.59337,-119.59533,333.03,0.53,0.42,2026-09-17,2129,N,nominal,2.0NRT,288.16,17.91,D
37.59204,-119.60746,337.9,0.53,0.42,2026-09-17,2129,N,nominal,2.0NRT,300.86,44,D
37.59076,-119.61909,338.33,0.53,0.42,2026-09-17,2129,N,nominal,2.0NRT,298,13.55,D
37.59012,-119.62495,335.98,0.53,0.42,2026-09-17,2129,N,nominal,2.0NRT,287.65,7.69,D
37.5927,-119.60145,310.73,0.53,0.42,2026-09-17,2129,N,low,2.0NRT,323.38,44,D
37.59781,-119.59044,340.14,0.53,0.42,2026-09-17,2129,N,nominal,2.0NRT,297,17.91,D
37.59719,-119.59612,331.65,0.53,0.42,2026-09-17,2129,N,nominal,2.0NRT,288.88,17.91,D
37.59652,-119.60219,343.61,0.53,0.42,2026-09-17,2129,N,nominal,2.0NRT,297.99,44,D
37.59586,-119.60818,351.72,0.53,0.42,2026-09-17,2129,N,nominal,2.0NRT,303.84,44,D
37.59457,-119.61993,346.79,0.53,0.42,2026-09-17,2129,N,nominal,2.0NRT,299.46,13.55,D
37.59396,-119.62556,332.98,0.53,0.42,2026-09-17,2129,N,nominal,2.0NRT,297.09,7.69,D
37.60162,-119.59135,351.48,0.53,0.42,2026-09-17,2129,N,nominal,2.0NRT,309.71,80.02,D
37.60036,-119.60283,335.86,0.53,0.42,2026-09-17,2129,N,nominal,2.0NRT,297.85,29.44,D
37.59972,-119.6087,346.68,0.53,0.42,2026-09-17,2129,N,nominal,2.0NRT,298.85,29.44,D
37.59908,-119.61452,339.12,0.53,0.42,2026-09-17,2129,N,nominal,2.0NRT,294.62,7.6,D
37.59844,-119.6203,335,0.53,0.42,2026-09-17,2129,N,nominal,2.0NRT,292.94,7.6,D
37.59783,-119.62586,355.09,0.53,0.42,2026-09-17,2129,N,nominal,2.0NRT,294.98,11.53,D
37.60357,-119.60915,343.84,0.53,0.42,2026-09-17,2129,N,nominal,2.0NRT,296.07,29.44,D
37.60295,-119.61479,344.27,0.53,0.42,2026-09-17,2129,N,nominal,2.0NRT,296.23,7.6,D
37.60742,-119.6097,333.23,0.53,0.42,2026-09-17,2129,N,nominal,2.0NRT,292.42,39.07,D
37.60681,-119.61519,352.52,0.53,0.42,2026-09-17,2129,N,nominal,2.0NRT,299.88,22.87,D
37.60622,-119.6206,353.97,0.53,0.42,2026-09-17,2129,N,nominal,2.0NRT,297.54,22.87,D
37.61126,-119.6103,339.22,0.53,0.42,2026-09-17,2129,N,nominal,2.0NRT,304.59,39.07,D
37.61066,-119.61569,333.6,0.53,0.42,2026-09-17,2129,N,nominal,2.0NRT,306.36,22.87,D
37.61007,-119.62104,341,0.53,0.42,2026-09-17,2129,N,nominal,2.0NRT,290.2,22.87,D
37.61511,-119.6108,354.83,0.53,0.42,2026-09-17,2129,N,nominal,2.0NRT,296.5,45.39,D
37.61451,-119.61623,348.7,0.53,0.42,2026-09-17,2129,N,nominal,2.0NRT,295.32,40.83,D
37.60973,-120.90138,331.2,0.46,0.39,2026-09-17,2129,N,nominal,2.0NRT,303.18,2.19,D
39.06889,-121.58791,335.14,0.45,0.39,2026-09-17,2129,N,nominal,2.0NRT,302.66,1.86,D
39.09365,-121.62496,336.03,0.45,0.39,2026-09-17,2129,N,nominal,2.0NRT,304.56,8.91,D
39.09301,-121.63018,336.68,0.45,0.39,2026-09-17,2129,N,low,2.0NRT,308.33,8.91,D
39.09922,-121.66879,348.57,0.45,0.39,2026-09-17,2129,N,nominal,2.0NRT,304.36,7.67,D
39.11541,-121.65601,334.46,0.45,0.39,2026-09-17,2129,N,nominal,2.0NRT,304.71,2.14,D
39.11898,-121.65672,329.9,0.45,0.39,2026-09-17,2129,N,low,2.0NRT,303.34,2.14,D
39.11651,-121.65806,337.07,0.45,0.39,2026-09-17,2129,N,nominal,2.0NRT,305.76,3.95,D
39.12008,-121.65877,332.16,0.45,0.39,2026-09-17,2129,N,low,2.0NRT,304.89,1.94,D
39.12428,-121.65426,333.84,0.45,0.39,2026-09-17,2129,N,nominal,2.0NRT,300.75,2.2,D
39.20279,-121.66996,331.16,0.45,0.39,2026-09-17,2129,N,nominal,2.0NRT,299.52,2.11,D
39.20636,-121.67067,339.09,0.45,0.39,2026-09-17,2129,N,nominal,2.0NRT,302.93,7.61,D
39.3639,-121.63223,338.47,0.45,0.39,2026-09-17,2129,N,nominal,2.0NRT,304.7,7.67,D
39.37481,-121.69369,347.83,0.45,0.39,2026-09-17,2129,N,nominal,2.0NRT,307.64,4.43,D
39.37838,-121.6944,342.9,0.45,0.39,2026-09-17,2129,N,nominal,2.0NRT,304.23,4.43,D
41.09777,-114.96916,308.57,0.38,0.36,2026-09-18,0947,N,nominal,2.0NRT,281.34,0.89,N
40.82188,-114.25677,300.68,0.39,0.36,2026-09-18,0947,N,nominal,2.0NRT,287.95,0.85,N
39.62186,-119.2642,298.3,0.45,0.39,2026-09-18,0947,N,nominal,2.0NRT,282.63,0.46,N
39.61831,-119.26497,303.15,0.45,0.39,2026-09-18,0947,N,nominal,2.0NRT,283.65,1.09,N
39.20615,-121.67186,295.15,0.56,0.43,2026-09-18,0949,N,nominal,2.0NRT,284.51,0.7,N
39.09906,-121.67249,296.98,0.55,0.43,2026-09-18,0949,N,nominal,2.0NRT,285.01,0.72,N
38.01511,-122.11389,299.23,0.56,0.43,2026-09-18,0949,N,nominal,2.0NRT,288.27,1.71,N
37.88294,-121.18587,305.8,0.51,0.41,2026-09-18,0949,N,nominal,2.0NRT,285.63,0.98,N
37.62392,-119.60774,316.26,0.44,0.38,2026-09-18,0949,N,nominal,2.0NRT,271.26,7.03,N
37.62104,-119.61348,328.8,0.44,0.38,2026-09-18,0949,N,nominal,2.0NRT,275.76,7.03,N
37.62039,-119.60838,355.67,0.44,0.38,2026-09-18,0949,N,nominal,2.0NRT,279.05,7.03,N
37.61975,-119.60329,310.34,0.44,0.38,2026-09-18,0949,N,nominal,2.0NRT,273.29,2.85,N
37.61752,-119.61422,340.59,0.44,0.38,2026-09-18,0949,N,nominal,2.0NRT,304.04,67.95,N
37.61686,-119.609,334.8,0.44,0.38,2026-09-18,0949,N,nominal,2.0NRT,312,67.95,N
37.6162,-119.60383,327.57,0.44,0.38,2026-09-18,0949,N,nominal,2.0NRT,277.24,8.33,N
37.61468,-119.62038,331.98,0.44,0.38,2026-09-18,0949,N,nominal,2.0NRT,282,12.22,N
37.614,-119.615,353.82,0.44,0.38,2026-09-18,0949,N,nominal,2.0NRT,308.06,67.95,N
37.61333,-119.60966,330.29,0.44,0.38,2026-09-18,0949,N,nominal,2.0NRT,309.09,67.95,N
37.61116,-119.62116,331.77,0.44,0.38,2026-09-18,0949,N,nominal,2.0NRT,284.76,4.39,N
37.61049,-119.61575,340.28,0.44,0.38,2026-09-18,0949,N,nominal,2.0NRT,288.4,10.62,N
37.6072,-119.5898,326.85,0.44,0.38,2026-09-18,0949,N,nominal,2.0NRT,275.46,4.81,N
37.60981,-119.6104,319.85,0.44,0.38,2026-09-18,0949,N,nominal,2.0NRT,281.29,10.62,N
37.60785,-119.59486,303.65,0.44,0.38,2026-09-18,0949,N,nominal,2.0NRT,274.17,4.81,N
37.60764,-119.62184,329.41,0.44,0.38,2026-09-18,0949,N,nominal,2.0NRT,284.16,4.39,N
37.60696,-119.61646,324.08,0.44,0.38,2026-09-18,0949,N,nominal,2.0NRT,282.52,10.62,N
37.60629,-119.61115,353.36,0.44,0.38,2026-09-18,0949,N,nominal,2.0NRT,283.37,10.62,N
37.60434,-119.59561,334.55,0.44,0.38,2026-09-18,0949,N,nominal,2.0NRT,282.37,4.81,N
37.60369,-119.59052,340.1,0.44,0.38,2026-09-18,0949,N,nominal,2.0NRT,278.38,4.81,N
37.61195,-119.62284,323.38,0.44,0.38,2026-09-18,0949,N,nominal,2.0NRT,282.38,4.34,N
37.61124,-119.61747,332.6,0.44,0.38,2026-09-18,0949,N,nominal,2.0NRT,282.04,4.34,N
37.61053,-119.61209,345.2,0.44,0.38,2026-09-18,0949,N,nominal,2.0NRT,287.29,13.54,N
37.60781,-119.59145,322.93,0.44,0.38,2026-09-18,0949,N,nominal,2.0NRT,276.05,6.16,N
37.60772,-119.61817,326.68,0.44,0.38,2026-09-18,0949,N,nominal,2.0NRT,284.5,4.34,N
37.60701,-119.61282,341.92,0.44,0.38,2026-09-18,0949,N,nominal,2.0NRT,281.49,13.54,N
37.60632,-119.6076,328.27,0.44,0.38,2026-09-18,0949,N,nominal,2.0NRT,280.2,13.54,N
37.60496,-119.59725,327.27,0.44,0.38,2026-09-18,0949,N,nominal,2.0NRT,280.74,5.83,N
37.60429,-119.59215,347.61,0.44,0.38,2026-09-18,0949,N,nominal,2.0NRT,279.21,6.16,N
37.60842,-119.62352,317.42,0.44,0.38,2026-09-18,0949,N,nominal,2.0NRT,281.61,4.34,N
37.60348,-119.61348,352.13,0.44,0.38,2026-09-18,0949,N,nominal,2.0NRT,286.84,12.15,N
37.6028,-119.60831,336.59,0.44,0.38,2026-09-18,0949,N,nominal,2.0NRT,287.49,12.15,N
37.6008,-119.59303,355.02,0.44,0.38,2026-09-18,0949,N,nominal,2.0NRT,289.66,13.45,N
37.60489,-119.62417,319.43,0.44,0.38,2026-09-18,0949,N,nominal,2.0NRT,280.53,1.79,N
37.60418,-119.61881,319.08,0.44,0.38,2026-09-18,0949,N,nominal,2.0NRT,281.78,1.79,N
37.60146,-119.5981,317.97,0.44,0.38,2026-09-18,0949,N,nominal,2.0NRT,275.82,6.17,N
37.59994,-119.61404,320.91,0.44,0.38,2026-09-18,0949,N,nominal,2.0NRT,278.74,12.15,N
37.59927,-119.60893,347.09,0.44,0.38,2026-09-18,0949,N,nominal,2.0NRT,283.55,12.15,N
37.59861,-119.6039,351.39,0.44,0.38,2026-09-18,0949,N,nominal,2.0NRT,285.68,6.17,N
37.59731,-119.59396,343.71,0.44,0.38,2026-09-18,0949,N,nominal,2.0NRT,276.29,13.45,N
37.60133,-119.6246,310.65,0.44,0.38,2026-09-18,0949,N,nominal,2.0NRT,279.43,1.79,N
37.60062,-119.61929,301,0.44,0.38,2026-09-18,0949,N,nominal,2.0NRT,278.33,1.79,N
37.59796,-119.59895,296.79,0.44,0.38,2026-09-18,0949,N,nominal,2.0NRT,275.21,6.17,N
37.59775,-119.62498,333.91,0.44,0.38,2026-09-18,0949,N,nominal,2.0NRT,280.61,1.98,N
37.59509,-119.60461,334.2,0.44,0.38,2026-09-18,0949,N,nominal,2.0NRT,286.02,12.92,N
37.59445,-119.59972,356.44,0.44,0.38,2026-09-18,0949,N,nominal,2.0NRT,295.98,12.92,N
37.59846,-119.63038,305.65,0.44,0.38,2026-09-18,0949,N,nominal,2.0NRT,278.95,2.29,N
37.59706,-119.6197,295.21,0.44,0.38,2026-09-18,0949,N,nominal,2.0NRT,276.65,1.98,N
37.59574,-119.60957,303.72,0.44,0.38,2026-09-18,0949,N,nominal,2.0NRT,276.46,1.97,N
37.5942,-119.62554,323.54,0.44,0.38,2026-09-18,0949,N,nominal,2.0NRT,279.71,1.98,N
37.59157,-119.60535,333.18,0.44,0.38,2026-09-18,0949,N,nominal,2.0NRT,278.97,12.92,N
37.59093,-119.60045,341.27,0.44,0.38,2026-09-18,0949,N,nominal,2.0NRT,282.27,12.92,N
37.5903,-119.59559,341.15,0.44,0.38,2026-09-18,0949,N,nominal,2.0NRT,289.38,12.32,N
37.59354,-119.62038,298.19,0.44,0.38,2026-09-18,0949,N,nominal,2.0NRT,276.12,1.98,N
37.58807,-119.60618,326.86,0.44,0.38,2026-09-18,0949,N,nominal,2.0NRT,280.6,3.67,N
37.58742,-119.60122,330.76,0.44,0.38,2026-09-18,0949,N,nominal,2.0NRT,278.89,3.67,N
37.58679,-119.59637,341.84,0.44,0.38,2026-09-18,0949,N,nominal,2.0NRT,286.37,7.63,N
37.59003,-119.62124,303.37,0.44,0.38,2026-09-18,0949,N,nominal,2.0NRT,278.77,0.89,N
37.58329,-119.59724,329.68,0.44,0.38,2026-09-18,0949,N,nominal,2.0NRT,279.14,7.63,N
37.58653,-119.6221,295.27,0.44,0.38,2026-09-18,0949,N,nominal,2.0NRT,277.91,0.89,N
37.58588,-119.61714,301.72,0.44,0.38,2026-09-18,0949,N,nominal,2.0NRT,278.97,1.83,N
37.58392,-119.6021,315.09,0.44,0.38,2026-09-18,0949,N,nominal,2.0NRT,280.3,3.67,N
37.57979,-119.59811,355.47,0.44,0.38,2026-09-18,0949,N,nominal,2.0NRT,291.03,15.47,N
37.58239,-119.61806,311.53,0.44,0.38,2026-09-18,0949,N,nominal,2.0NRT,280.75,1.86,N
37.58043,-119.60299,309.39,0.44,0.38,2026-09-18,0949,N,nominal,2.0NRT,279.58,3.68,N
37.5763,-119.59899,344.99,0.44,0.38,2026-09-18,0949,N,nominal,2.0NRT,280.08,15.47,N
37.57889,-119.61899,306.54,0.44,0.38,2026-09-18,0949,N,nominal,2.0NRT,279.51,1.86,N
37.57694,-119.60396,300.71,0.44,0.38,2026-09-18,0949,N,nominal,2.0NRT,280.83,3.68,N
37.57346,-119.60494,331.45,0.44,0.38,2026-09-18,0949,N,nominal,2.0NRT,285.77,8.85,N
37.56996,-119.60586,355.86,0.44,0.38,2026-09-18,0949,N,nominal,2.0NRT,286.63,8.85,N
37.57127,-119.61591,295.09,0.44,0.38,2026-09-18,0949,N,nominal,2.0NRT,279.06,1.29,N
37.57062,-119.6109,298.74,0.44,0.38,2026-09-18,0949,N,nominal,2.0NRT,280.12,8.85,N
37.56929,-119.60074,295.58,0.44,0.38,2026-09-18,0949,N,nominal,2.0NRT,275.31,5.25,N
36.38205,-114.87827,305.51,0.4,0.37,2026-09-18,0949,N,nominal,2.0NRT,293.38,0.45,N
36.35662,-114.91257,311.82,0.4,0.37,2026-09-18,0949,N,nominal,2.0NRT,293.49,1.48,N
37.0255,-120.19736,299.58,0.46,0.39,2026-09-18,0949,N,nominal,2.0NRT,286.17,0.59,N
34.62098,-117.10004,321.83,0.38,0.36,2026-09-18,0949,N,nominal,2.0NRT,290.98,2.34,N
34.81979,-118.75125,303.09,0.4,0.37,2026-09-18,0949,N,nominal,2.0NRT,286.53,0.76,N
34.60705,-117.33585,304.61,0.38,0.36,2026-09-18,0949,N,nominal,2.0NRT,288.48,1.21,N
34.56694,-118.15447,297.15,0.39,0.36,2026-09-18,0949,N,nominal,2.0NRT,285.64,0.47,N
34.35387,-116.85371,310.3,0.38,0.36,2026-09-18,0949,N,nominal,2.0NRT,288.77,1.43,N
34.43375,-118.64575,300.36,0.39,0.37,2026-09-18,0949,N,nominal,2.0NRT,286.27,0.83,N
34.43041,-118.64649,297.82,0.39,0.37,2026-09-18,0949,N,nominal,2.0NRT,286.19,0.71,N
34.33622,-118.52107,322.34,0.39,0.36,2026-09-18,0949,N,nominal,2.0NRT,286.7,2.06,N
34.14324,-117.42576,302.88,0.38,0.36,2026-09-18,0949,N,nominal,2.0NRT,287.67,0.38,N
34.242,-118.38255,298.99,0.39,0.36,2026-09-18,0949,N,nominal,2.0NRT,287.28,0.47,N
34.29328,-118.80188,304.08,0.4,0.37,2026-09-18,0949,N,nominal,2.0NRT,286.16,0.47,N
34.28931,-118.79832,296.01,0.4,0.37,2026-09-18,0949,N,nominal,2.0NRT,285.9,0.61,N
34.11538,-117.92409,300.65,0.39,0.36,2026-09-18,0949,N,nominal,2.0NRT,289.77,0.51,N
34.15275,-118.19173,311.51,0.39,0.36,2026-09-18,0949,N,nominal,2.0NRT,287.74,0.5,N
33.95521,-117.12067,297.7,0.38,0.36,2026-09-18,0949,N,nominal,2.0NRT,286.69,0.26,N
34.04132,-117.82018,303.1,0.39,0.36,2026-09-18,0949,N,nominal,2.0NRT,288.42,0.23,N
33.87734,-116.99747,299.29,0.38,0.36,2026-09-18,0949,N,nominal,2.0NRT,285.13,0.39,N
34.03456,-118.1037,300.77,0.39,0.36,2026-09-18,0949,N,nominal,2.0NRT,287.71,0.32,N
33.79427,-117.47513,315.21,0.38,0.36,2026-09-18,0949,N,nominal,2.0NRT,288.59,1.08,N
33.85216,-118.33061,307.76,0.39,0.36,2026-09-18,0949,N,nominal,2.0NRT,293.79,1.15,N
33.71634,-117.71278,298.87,0.38,0.36,2026-09-18,0949,N,nominal,2.0NRT,287.12,0.49,N
33.71569,-117.70865,298.8,0.38,0.36,2026-09-18,0949,N,nominal,2.0NRT,287.6,0.45,N
33.61454,-117.82358,308.68,0.38,0.36,2026-09-18,0949,N,nominal,2.0NRT,287.48,0.95,N
33.4907,-117.61535,301.6,0.38,0.36,2026-09-18,0949,N,nominal,2.0NRT,287.89,0.85,N
34.33572,-118.51744,330.76,0.39,0.36,2026-09-18,2110,N,low,2.0NRT,304.65,1.42,D
37.56834,-119.60544,336.01,0.39,0.36,2026-09-18,2110,N,nominal,2.0NRT,298.64,3.22,D
37.57226,-119.60193,338.59,0.39,0.36,2026-09-18,2110,N,nominal,2.0NRT,299.86,5.04,D
37.57162,-119.60622,330.75,0.39,0.36,2026-09-18,2110,N,nominal,2.0NRT,298.39,3.22,D
37.57619,-119.59842,355.31,0.39,0.36,2026-09-18,2110,N,nominal,2.0NRT,304.26,12.28,D
37.58012,-119.5949,332.51,0.39,0.36,2026-09-18,2110,N,nominal,2.0NRT,295.68,4.95,D
37.57947,-119.59921,346.48,0.39,0.36,2026-09-18,2110,N,nominal,2.0NRT,303.88,12.28,D
37.5834,-119.5957,337.26,0.39,0.36,2026-09-18,2110,N,nominal,2.0NRT,295.69,59.21,D
37.58275,-119.60003,349.12,0.39,0.36,2026-09-18,2110,N,nominal,2.0NRT,304.56,6.68,D
37.58018,-119.61726,338.52,0.39,0.36,2026-09-18,2110,N,nominal,2.0NRT,300.14,11.46,D
37.58604,-119.60083,350.8,0.39,0.36,2026-09-18,2110,N,nominal,2.0NRT,301.95,6.68,D
37.58997,-119.59728,349.59,0.39,0.36,2026-09-18,2110,N,nominal,2.0NRT,305.08,23.49,D
37.58932,-119.60162,345.96,0.39,0.36,2026-09-18,2110,N,nominal,2.0NRT,301.62,15.29,D
37.58868,-119.60594,339.77,0.39,0.36,2026-09-18,2110,N,nominal,2.0NRT,303.91,15.29,D
37.59325,-119.59806,352.64,0.39,0.36,2026-09-18,2110,N,nominal,2.0NRT,297.34,23.49,D
37.59261,-119.6024,355.8,0.39,0.36,2026-09-18,2110,N,nominal,2.0NRT,310.47,15.29,D
37.59782,-119.59023,347.85,0.39,0.36,2026-09-18,2110,N,nominal,2.0NRT,298.48,23.51,D
37.59718,-119.59454,340.51,0.39,0.36,2026-09-18,2110,N,nominal,2.0NRT,297.59,13.11,D
37.59654,-119.59884,332.82,0.39,0.36,2026-09-18,2110,N,nominal,2.0NRT,290.91,13.11,D
37.59589,-119.60317,340.78,0.39,0.36,2026-09-18,2110,N,nominal,2.0NRT,299.84,7.4,D
37.6011,-119.59104,352.99,0.39,0.36,2026-09-18,2110,N,nominal,2.0NRT,301.03,23.51,D
37.60047,-119.59533,344.85,0.39,0.36,2026-09-18,2110,N,nominal,2.0NRT,300.36,13.11,D
37.59918,-119.60395,348.09,0.39,0.36,2026-09-18,2110,N,nominal,2.0NRT,295.19,7.4,D
37.59853,-119.60828,344.46,0.39,0.36,2026-09-18,2110,N,nominal,2.0NRT,295.83,7.4,D
37.59661,-119.62122,332.29,0.39,0.36,2026-09-18,2110,N,nominal,2.0NRT,300.46,5.27,D
37.59596,-119.6255,338.02,0.39,0.36,2026-09-18,2110,N,nominal,2.0NRT,295.23,5.27,D
37.60439,-119.59182,342.46,0.39,0.36,2026-09-18,2110,N,nominal,2.0NRT,295.4,6.31,D
37.60375,-119.59612,341.13,0.39,0.36,2026-09-18,2110,N,nominal,2.0NRT,293.72,3.61,D
37.59925,-119.62623,348.37,0.39,0.36,2026-09-18,2110,N,nominal,2.0NRT,302.35,13.97,D
37.60182,-119.60903,367,0.39,0.36,2026-09-18,2110,N,low,2.0NRT,325.94,59.28,D
37.60767,-119.5926,337.66,0.39,0.36,2026-09-18,2110,N,nominal,2.0NRT,292.07,6.31,D
37.60511,-119.60979,348.03,0.39,0.36,2026-09-18,2110,N,nominal,2.0NRT,301.01,59.28,D
37.60447,-119.61408,346.33,0.39,0.36,2026-09-18,2110,N,nominal,2.0NRT,298.19,33.52,D
37.60383,-119.61836,336.27,0.39,0.36,2026-09-18,2110,N,nominal,2.0NRT,294.95,33.52,D
37.60319,-119.62267,330.2,0.39,0.36,2026-09-18,2110,N,nominal,2.0NRT,291.7,13.97,D
37.6084,-119.61054,333.37,0.39,0.36,2026-09-18,2110,N,nominal,2.0NRT,294.24,71.6,D
37.60776,-119.61484,344.21,0.39,0.36,2026-09-18,2110,N,nominal,2.0NRT,298.05,6.07,D
37.60712,-119.61911,335.9,0.39,0.36,2026-09-18,2110,N,nominal,2.0NRT,296.05,6.07,D
37.60648,-119.6234,339.56,0.39,0.36,2026-09-18,2110,N,nominal,2.0NRT,293.2,10.31,D
37.61232,-119.60703,367,0.39,0.36,2026-09-18,2110,N,high,2.0NRT,338.7,71.6,D
37.61168,-119.61131,342.83,0.39,0.36,2026-09-18,2110,N,nominal,2.0NRT,316.19,71.6,D
37.61105,-119.6156,343.01,0.39,0.36,2026-09-18,2110,N,nominal,2.0NRT,297.79,6.07,D
37.6104,-119.61987,351.81,0.39,0.36,2026-09-18,2110,N,nominal,2.0NRT,296.93,6.07,D
37.60977,-119.62415,341.2,0.39,0.36,2026-09-18,2110,N,nominal,2.0NRT,292.4,10.31,D
37.61562,-119.60779,367,0.39,0.36,2026-09-18,2110,N,high,2.0NRT,307.97,67.67,D
37.61625,-119.60349,337.77,0.39,0.36,2026-09-18,2110,N,nominal,2.0NRT,291.07,32.89,D
37.61497,-119.61208,355.63,0.39,0.36,2026-09-18,2110,N,nominal,2.0NRT,310.8,67.67,D
37.61433,-119.61636,348.77,0.39,0.36,2026-09-18,2110,N,nominal,2.0NRT,306.95,21.4,D
37.61369,-119.62063,336.87,0.39,0.36,2026-09-18,2110,N,nominal,2.0NRT,293.42,21.4,D
37.62019,-119.59991,338.14,0.39,0.36,2026-09-18,2110,N,nominal,2.0NRT,289.07,32.89,D
37.61955,-119.60422,351.55,0.39,0.36,2026-09-18,2110,N,nominal,2.0NRT,300.45,32.89,D
37.61826,-119.61284,338.74,0.39,0.36,2026-09-18,2110,N,nominal,2.0NRT,306.63,67.67,D
37.6189,-119.60855,367,0.39,0.36,2026-09-18,2110,N,low,2.0NRT,358.56,67.67,D
37.62284,-119.60497,334.94,0.39,0.36,2026-09-18,2110,N,nominal,2.0NRT,293.2,4.12,D
37.62219,-119.60931,335.62,0.39,0.36,2026-09-18,2110,N,nominal,2.0NRT,291.6,5.32,D
37.62677,-119.60141,336.51,0.39,0.36,2026-09-18,2110,N,nominal,2.0NRT,293.69,4.12,D
37.94535,-122.37953,335.31,0.41,0.37,2026-09-18,2110,N,nominal,2.0NRT,303.98,2.33,D
38.5298,-121.94972,337.49,0.39,0.37,2026-09-18,2110,N,low,2.0NRT,310.98,4.54,D
39.15421,-121.86786,338.11,0.39,0.36,2026-09-18,2110,N,nominal,2.0NRT,308.67,3.19,D
39.37606,-121.69672,337.89,0.39,0.36,2026-09-18,2110,N,nominal,2.0NRT,310.2,3.9,D
39.43402,-121.67375,342.19,0.39,0.36,2026-09-18,2110,N,nominal,2.0NRT,316.42,35.28,D
39.62154,-119.2623,299.91,0.49,0.49,2026-09-19,0930,N,nominal,2.0NRT,281.2,1.38,N
37.63013,-119.60081,332.01,0.49,0.48,2026-09-19,0930,N,nominal,2.0NRT,274.74,4.31,N
37.62613,-119.60689,301.62,0.49,0.48,2026-09-19,0930,N,nominal,2.0NRT,273.78,7.13,N
37.62563,-119.6011,301.58,0.49,0.48,2026-09-19,0930,N,nominal,2.0NRT,274.84,7.13,N
37.62163,-119.60722,367,0.49,0.48,2026-09-19,0930,N,high,2.0NRT,287.35,7.13,N
37.62112,-119.60134,355.62,0.49,0.48,2026-09-19,0930,N,nominal,2.0NRT,283.91,7.13,N
37.62213,-119.61292,314.17,0.49,0.48,2026-09-19,0930,N,nominal,2.0NRT,277.7,4.14,N
37.61765,-119.61359,367,0.49,0.48,2026-09-19,0930,N,high,2.0NRT,287.79,12.31,N
37.61712,-119.60743,367,0.49,0.48,2026-09-19,0930,N,high,2.0NRT,288.01,9.42,N
37.61659,-119.60134,350.16,0.49,0.48,2026-09-19,0930,N,nominal,2.0NRT,280.96,9.42,N
37.61377,-119.62125,323.25,0.49,0.48,2026-09-19,0930,N,nominal,2.0NRT,283.58,12.31,N
37.61318,-119.61434,352.05,0.49,0.48,2026-09-19,0930,N,nominal,2.0NRT,286.78,12.31,N
37.61261,-119.60767,351.13,0.49,0.48,2026-09-19,0930,N,nominal,2.0NRT,287.09,9.42,N
37.61208,-119.60146,297.29,0.49,0.48,2026-09-19,0930,N,nominal,2.0NRT,278.31,9.42,N
37.6087,-119.61498,322.31,0.49,0.48,2026-09-19,0930,N,nominal,2.0NRT,284.14,2.45,N
37.60658,-119.59022,338.98,0.49,0.48,2026-09-19,0930,N,nominal,2.0NRT,284.3,5.2,N
37.60929,-119.62184,316.62,0.49,0.48,2026-09-19,0930,N,nominal,2.0NRT,285.02,2.45,N
37.60814,-119.60844,299.87,0.49,0.48,2026-09-19,0930,N,nominal,2.0NRT,280.88,4.88,N
37.60367,-119.60909,355.97,0.49,0.48,2026-09-19,0930,N,nominal,2.0NRT,290.46,4.88,N
37.60479,-119.62213,298.07,0.49,0.48,2026-09-19,0930,N,nominal,2.0NRT,282.63,2.45,N
37.60421,-119.61543,316.09,0.49,0.48,2026-09-19,0930,N,nominal,2.0NRT,283.98,2.45,N
37.60315,-119.60306,302.68,0.49,0.48,2026-09-19,0930,N,nominal,2.0NRT,279.98,4.88,N
37.60263,-119.59698,317.2,0.49,0.48,2026-09-19,0930,N,nominal,2.0NRT,281.68,5.2,N
37.60212,-119.59104,310.52,0.49,0.48,2026-09-19,0930,N,nominal,2.0NRT,280.89,5.2,N
37.59917,-119.60937,329.92,0.49,0.48,2026-09-19,0930,N,nominal,2.0NRT,282.92,4.94,N
37.59821,-119.59816,323.83,0.49,0.48,2026-09-19,0930,N,nominal,2.0NRT,279.9,5.13,N
37.59771,-119.59236,339.35,0.49,0.48,2026-09-19,0930,N,nominal,2.0NRT,282.49,5.13,N
37.60079,-119.62846,296.74,0.49,0.48,2026-09-19,0930,N,nominal,2.0NRT,282.93,1.33,N
37.59968,-119.61538,313.41,0.49,0.48,2026-09-19,0930,N,nominal,2.0NRT,281.51,3.55,N
37.59868,-119.60365,317.69,0.49,0.48,2026-09-19,0930,N,nominal,2.0NRT,282.49,4.94,N
37.5942,-119.60426,338.89,0.49,0.48,2026-09-19,0930,N,nominal,2.0NRT,286.34,4.94,N
37.59375,-119.59899,328.24,0.49,0.48,2026-09-19,0930,N,nominal,2.0NRT,283.53,5.13,N
37.59328,-119.59353,322.48,0.49,0.48,2026-09-19,0930,N,nominal,2.0NRT,280.24,5.13,N
37.58974,-119.60508,329.98,0.49,0.48,2026-09-19,0930,N,nominal,2.0NRT,281.74,5.94,N
37.58928,-119.59966,326.07,0.49,0.48,2026-09-19,0930,N,nominal,2.0NRT,282.11,5.17,N
37.58882,-119.59438,342.67,0.49,0.48,2026-09-19,0930,N,nominal,2.0NRT,286.74,5.17,N
37.58438,-119.59537,327.21,0.49,0.48,2026-09-19,0930,N,nominal,2.0NRT,280.12,5.17,N
37.58484,-119.60065,298.11,0.49,0.48,2026-09-19,0930,N,nominal,2.0NRT,280.59,5.17,N
37.57995,-119.59652,331.79,0.49,0.48,2026-09-19,0930,N,nominal,2.0NRT,281.69,3.22,N
37.58041,-119.60188,299.76,0.49,0.48,2026-09-19,0930,N,nominal,2.0NRT,281.58,3.22,N
37.57552,-119.59763,337.17,0.49,0.48,2026-09-19,0930,N,nominal,2.0NRT,281.09,3.22,N
37.57599,-119.60326,295.43,0.49,0.48,2026-09-19,0930,N,nominal,2.0NRT,282.18,3.22,N
37.5925,-119.60501,337.97,0.49,0.48,2026-09-19,0930,N,nominal,2.0NRT,283.96,6.17,N
37.59201,-119.59967,342.97,0.49,0.48,2026-09-19,0930,N,nominal,2.0NRT,285.79,6.17,N
37.59152,-119.59431,340.89,0.49,0.48,2026-09-19,0930,N,nominal,2.0NRT,283.54,6.77,N
37.59407,-119.62213,299.66,0.49,0.48,2026-09-19,0930,N,nominal,2.0NRT,280.16,1.14,N
37.58707,-119.59518,346.84,0.49,0.48,2026-09-19,0930,N,nominal,2.0NRT,286.1,6.77,N
37.58805,-119.6059,304.42,0.49,0.48,2026-09-19,0930,N,nominal,2.0NRT,281.45,6.17,N
37.58755,-119.60041,298.29,0.49,0.48,2026-09-19,0930,N,nominal,2.0NRT,279.61,6.17,N
37.58312,-119.60155,300.27,0.49,0.48,2026-09-19,0930,N,nominal,2.0NRT,281.53,4.43,N
37.58264,-119.59626,308.12,0.49,0.48,2026-09-19,0930,N,nominal,2.0NRT,279.37,4.71,N
37.57822,-119.59739,344.76,0.49,0.48,2026-09-19,0930,N,nominal,2.0NRT,283.65,4.71,N
37.57431,-119.60428,295.76,0.49,0.48,2026-09-19,0930,N,nominal,2.0NRT,282.03,2.81,N
37.5699,-119.60559,334.18,0.49,0.48,2026-09-19,0930,N,nominal,2.0NRT,282.26,2.81,N
36.38395,-114.87801,308.36,0.43,0.38,2026-09-19,0930,N,nominal,2.0NRT,290.65,0.62,N
36.35633,-114.91315,312.2,0.43,0.38,2026-09-19,0930,N,nominal,2.0NRT,291.61,1.45,N
35.78978,-119.32682,296.25,0.45,0.47,2026-09-19,0932,N,nominal,2.0NRT,285.66,0.48,N
34.62088,-117.10143,308.59,0.5,0.41,2026-09-19,0932,N,nominal,2.0NRT,289.84,1.39,N
34.61015,-117.33896,301.94,0.52,0.41,2026-09-19,0932,N,nominal,2.0NRT,288.44,1.16,N
34.60635,-117.3397,301.17,0.52,0.41,2026-09-19,0932,N,nominal,2.0NRT,287.69,1.38,N
34.43018,-118.6459,310.33,0.4,0.44,2026-09-19,0932,N,nominal,2.0NRT,286.46,0.99,N
34.33467,-118.52197,300.7,0.39,0.44,2026-09-19,0932,N,nominal,2.0NRT,286.12,0.87,N
34.33424,-118.51796,310.14,0.39,0.44,2026-09-19,0932,N,nominal,2.0NRT,287.26,0.83,N
34.14315,-117.42688,302.25,0.52,0.41,2026-09-19,0932,N,nominal,2.0NRT,288.21,0.69,N
34.15579,-118.19596,299.73,0.56,0.43,2026-09-19,0932,N,nominal,2.0NRT,287.94,0.64,N
33.87641,-117.00134,296.87,0.49,0.4,2026-09-19,0932,N,nominal,2.0NRT,285.69,0.48,N
33.7955,-117.4744,303.2,0.51,0.41,2026-09-19,0932,N,nominal,2.0NRT,289.1,1.51,N
33.85339,-118.33195,307.68,0.57,0.43,2026-09-19,0932,N,nominal,2.0NRT,294.96,1.92,N
33.71602,-117.70789,301.82,0.53,0.42,2026-09-19,0932,N,nominal,2.0NRT,288.46,0.92,N
33.61446,-117.82574,301.25,0.53,0.42,2026-09-19,0932,N,nominal,2.0NRT,288.04,1.08,N
33.49087,-117.61613,303.4,0.52,0.41,2026-09-19,0932,N,nominal,2.0NRT,288.46,1.02,N
32.63659,-115.22463,314.51,0.41,0.37,2026-09-19,0932,N,nominal,2.0NRT,293.11,1.23,N
32.63597,-115.22025,303.85,0.41,0.37,2026-09-19,0932,N,nominal,2.0NRT,292.74,0.71,N
32.54338,-115.3543,312.16,0.41,0.37,2026-09-19,0932,N,nominal,2.0NRT,295.15,1.06,N
39.62182,-119.2636,295.84,0.63,0.72,2026-09-19,1110,N,nominal,2.0NRT,279.45,1.3,N
39.6177,-119.26342,300.71,0.63,0.72,2026-09-19,1110,N,nominal,2.0NRT,279.8,1.01,N
38.72346,-122.065,298.08,0.49,0.65,2026-09-19,1110,N,nominal,2.0NRT,287.85,0.71,N
37.63125,-119.60381,314.21,0.69,0.75,2026-09-19,1110,N,nominal,2.0NRT,273.38,2.36,N
37.62904,-119.59704,304.47,0.7,0.75,2026-09-19,1110,N,nominal,2.0NRT,274.72,2.36,N
37.63048,-119.60141,328.69,0.7,0.75,2026-09-19,1110,N,nominal,2.0NRT,274.55,6.95,N
37.62426,-119.60548,323.22,0.7,0.75,2026-09-19,1110,N,nominal,2.0NRT,277.74,6.95,N
37.62218,-119.59899,330,0.7,0.75,2026-09-19,1110,N,nominal,2.0NRT,279.28,8.26,N
37.61997,-119.61559,321.35,0.69,0.75,2026-09-19,1110,N,nominal,2.0NRT,281.08,13.03,N
37.61804,-119.60959,367,0.7,0.75,2026-09-19,1110,N,high,2.0NRT,286.71,13.03,N
37.61609,-119.6035,344.52,0.7,0.75,2026-09-19,1110,N,nominal,2.0NRT,281.88,8.97,N
37.61413,-119.59742,299.05,0.7,0.75,2026-09-19,1110,N,nominal,2.0NRT,278.64,8.97,N
37.61317,-119.61784,337.35,0.69,0.75,2026-09-19,1110,N,nominal,2.0NRT,284.64,13.03,N
37.61148,-119.61261,337.58,0.7,0.75,2026-09-19,1110,N,nominal,2.0NRT,284.22,13.03,N
37.60965,-119.60691,329,0.7,0.75,2026-09-19,1110,N,nominal,2.0NRT,282.51,8.97,N
37.61491,-119.62326,305.14,0.69,0.75,2026-09-19,1110,N,nominal,2.0NRT,281.9,8.45,N
37.6056,-119.59431,307.52,0.7,0.75,2026-09-19,1110,N,nominal,2.0NRT,281.37,2.65,N
37.60335,-119.58731,300.09,0.7,0.75,2026-09-19,1110,N,nominal,2.0NRT,281.19,2.65,N
37.60302,-119.60973,331.32,0.7,0.75,2026-09-19,1110,N,nominal,2.0NRT,285.4,5.7,N
37.59854,-119.59582,341.71,0.7,0.75,2026-09-19,1110,N,nominal,2.0NRT,284.08,4.47,N
37.60654,-119.62068,298.24,0.69,0.75,2026-09-19,1110,N,nominal,2.0NRT,282.98,4.15,N
37.60484,-119.61538,303.55,0.7,0.75,2026-09-19,1110,N,nominal,2.0NRT,282.14,4.15,N
37.60093,-119.60323,306.13,0.7,0.75,2026-09-19,1110,N,nominal,2.0NRT,281.73,5.7,N
37.59625,-119.5887,302.71,0.7,0.75,2026-09-19,1110,N,nominal,2.0NRT,280.85,4.47,N
37.59453,-119.60679,297.29,0.7,0.75,2026-09-19,1110,N,nominal,2.0NRT,280.65,5.7,N
37.59178,-119.59825,313.24,0.7,0.75,2026-09-19,1110,N,nominal,2.0NRT,281.8,4.47,N
38.01482,-122.11292,299.29,0.51,0.66,2026-09-19,1110,N,nominal,2.0NRT,288.69,1.32,N
